,Time,Object id,Class_type,Class-likelihood,X,Y
0,2023-04-09T22:18:08.276000,150,Person,0.18000000715255737,604,111
1,2023-04-09T22:18:08.616000,150,Person,0.17000000178813934,605,111
2,2023-04-09T22:18:08.946000,150,Person,0.17000000178813934,605,111
3,2023-04-09T22:18:09.276000,150,Person,0.1899999976158142,604,111
4,2023-04-09T22:18:09.616000,150,Person,0.1599999964237213,604,111
5,2023-04-09T22:18:09.946000,150,Person,0.2199999988079071,605,112
6,2023-04-09T22:18:10.278000,150,Person,0.2199999988079071,605,112
7,2023-04-09T22:18:10.618000,150,Person,0.2199999988079071,605,112
8,2023-04-09T22:18:11.618000,151,Person,0.28999999165534973,605,110
9,2023-04-09T22:18:11.948000,151,Person,0.28999999165534973,605,110
10,2023-04-09T22:18:12.278000,151,Person,0.15000000596046448,604,111
11,2023-04-09T22:18:12.618000,151,Person,0.15000000596046448,604,111
12,2023-04-09T22:18:12.948000,151,Person,0.15000000596046448,604,111
13,2023-04-09T22:18:14.278000,152,Person,0.23000000417232513,605,111
14,2023-04-09T22:18:14.618000,152,Person,0.23000000417232513,605,111
15,2023-04-09T22:18:14.948000,152,Person,0.23000000417232513,605,111
16,2023-04-09T22:18:17.618000,153,Person,0.2199999988079071,604,111
17,2023-04-09T22:18:17.948000,153,Person,0.18000000715255737,604,111
18,2023-04-09T22:18:18.278000,153,Person,0.18000000715255737,604,111
19,2023-04-09T22:18:18.618000,153,Person,0.18000000715255737,604,111
20,2023-04-09T22:18:21.616000,154,Person,0.2199999988079071,605,111
21,2023-04-09T22:18:21.946000,154,Person,0.2199999988079071,605,111
22,2023-04-09T22:18:22.276000,154,Person,0.2199999988079071,605,111
23,2023-04-09T22:18:25.618000,155,Person,0.17000000178813934,604,112
24,2023-04-09T22:18:25.948000,155,Person,0.17000000178813934,604,112
25,2023-04-09T22:18:26.278000,155,Person,0.17000000178813934,604,112
26,2023-04-09T22:18:26.618000,155,Person,0.1899999976158142,605,111
27,2023-04-09T22:18:26.948000,155,Person,0.1899999976158142,605,111
28,2023-04-09T22:18:27.278000,155,Person,0.1899999976158142,605,111
29,2023-04-09T22:18:29.618000,156,Person,0.18000000715255737,604,112
30,2023-04-09T22:18:29.948000,156,Person,0.1599999964237213,604,111
31,2023-04-09T22:18:30.277000,156,Person,0.1599999964237213,604,111
32,2023-04-09T22:18:30.617000,156,Person,0.1599999964237213,604,111
33,2023-04-09T22:18:32.617000,157,Person,0.1599999964237213,605,111
34,2023-04-09T22:18:32.947000,157,Person,0.15000000596046448,605,112
35,2023-04-09T22:18:33.277000,157,Person,0.15000000596046448,605,112
36,2023-04-09T22:18:33.617000,157,Person,0.1599999964237213,604,111
37,2023-04-09T22:18:33.947000,157,Person,0.1599999964237213,604,111
38,2023-04-09T22:18:34.277000,157,Person,0.1599999964237213,604,111
39,2023-04-09T22:18:37.617000,158,Person,0.18000000715255737,605,112
40,2023-04-09T22:18:37.947000,158,Person,0.18000000715255737,605,112
41,2023-04-09T22:18:38.277000,158,Person,0.18000000715255737,605,112
42,2023-04-09T22:18:38.617000,158,Person,0.18000000715255737,605,112
43,2023-04-09T22:18:39.277000,158,Person,0.25999999046325684,604,112
44,2023-04-09T22:18:39.617000,158,Person,0.25999999046325684,604,112
45,2023-04-09T22:18:39.947000,158,Person,0.25999999046325684,604,112
46,2023-04-09T22:18:40.277000,158,Person,0.2199999988079071,605,111
47,2023-04-09T22:18:40.617000,158,Person,0.2199999988079071,605,111
48,2023-04-09T22:18:40.947000,158,Person,0.1899999976158142,605,111
49,2023-04-09T22:18:41.277000,158,Person,0.1899999976158142,605,111
50,2023-04-09T22:18:41.617000,158,Person,0.23000000417232513,605,111
51,2023-04-09T22:18:41.947000,158,Person,0.23000000417232513,605,111
52,2023-04-09T22:18:42.277000,158,Person,0.23000000417232513,605,111
53,2023-04-09T22:18:42.947000,158,Person,0.17000000178813934,604,112
54,2023-04-09T22:18:43.277000,158,Person,0.17000000178813934,604,112
55,2023-04-09T22:18:43.617000,158,Person,0.18000000715255737,605,111
56,2023-04-09T22:18:43.947000,158,Person,0.18000000715255737,605,111
57,2023-04-09T22:18:44.277000,158,Person,0.18000000715255737,605,111
58,2023-04-09T22:18:45.617000,159,Person,0.15000000596046448,604,111
59,2023-04-09T22:18:45.947000,159,Person,0.15000000596046448,604,111
60,2023-04-09T22:18:46.277000,159,Person,0.15000000596046448,604,111
61,2023-04-09T22:18:47.277000,160,Person,0.15000000596046448,604,111
62,2023-04-09T22:18:47.617000,160,Person,0.25999999046325684,605,112
63,2023-04-09T22:18:47.947000,160,Person,0.15000000596046448,605,111
64,2023-04-09T22:18:48.277000,160,Person,0.1599999964237213,605,111
65,2023-04-09T22:18:48.617000,160,Person,0.1599999964237213,605,111
66,2023-04-09T22:18:48.947000,160,Person,0.1599999964237213,605,111
67,2023-04-09T22:18:49.617000,160,Person,0.25,605,111
68,2023-04-09T22:18:49.947000,160,Person,0.25,605,111
69,2023-04-09T22:18:50.278000,160,Person,0.25,605,111
70,2023-04-09T22:18:50.618000,160,Person,0.1599999964237213,604,111
71,2023-04-09T22:18:50.948000,160,Person,0.1599999964237213,604,111
72,2023-04-09T22:18:51.278000,160,Person,0.1599999964237213,604,111
73,2023-04-09T22:18:51.618000,160,Person,0.18000000715255737,605,111
74,2023-04-09T22:18:51.948000,160,Person,0.2199999988079071,605,111
75,2023-04-09T22:18:52.278000,160,Person,0.17000000178813934,605,112
76,2023-04-09T22:18:52.618000,160,Person,0.17000000178813934,605,112
77,2023-04-09T22:18:52.948000,160,Person,0.17000000178813934,605,112
78,2023-04-09T22:18:53.278000,160,Person,0.1599999964237213,605,111
79,2023-04-09T22:18:53.618000,160,Person,0.15000000596046448,604,112
80,2023-04-09T22:18:53.948000,160,Person,0.15000000596046448,604,112
81,2023-04-09T22:18:54.278000,160,Person,0.15000000596046448,604,112
82,2023-04-09T22:18:54.948000,160,Person,0.20000000298023224,605,112
83,2023-04-09T22:18:55.277000,160,Person,0.20000000298023224,605,112
84,2023-04-09T22:18:55.617000,160,Person,0.25999999046325684,604,112
85,2023-04-09T22:18:55.947000,160,Person,0.25999999046325684,604,112
86,2023-04-09T22:18:56.277000,160,Person,0.25999999046325684,604,112
87,2023-04-09T22:18:56.617000,160,Person,0.18000000715255737,605,112
88,2023-04-09T22:18:56.947000,160,Person,0.18000000715255737,605,112
89,2023-04-09T22:18:57.277000,160,Person,0.18000000715255737,605,112
90,2023-04-09T22:19:01.278000,161,Person,0.2199999988079071,605,112
91,2023-04-09T22:19:01.618000,161,Person,0.20000000298023224,605,111
92,2023-04-09T22:19:01.948000,161,Person,0.20000000298023224,605,111
93,2023-04-09T22:19:02.278000,161,Person,0.20000000298023224,605,111
94,2023-04-09T22:19:03.948000,162,Person,0.23999999463558197,605,111
95,2023-04-09T22:19:04.278000,162,Person,0.1599999964237213,605,112
96,2023-04-09T22:19:04.618000,162,Person,0.1599999964237213,605,112
97,2023-04-09T22:19:04.948000,162,Person,0.1599999964237213,605,112
98,2023-04-09T22:19:05.618000,162,Person,0.25999999046325684,605,111
99,2023-04-09T22:19:05.948000,162,Person,0.1899999976158142,605,111
100,2023-04-09T22:19:06.278000,162,Person,0.1899999976158142,605,111
101,2023-04-09T22:19:06.618000,162,Person,0.1899999976158142,605,111
102,2023-04-09T22:19:07.618000,163,Person,0.17000000178813934,604,111
103,2023-04-09T22:19:07.948000,163,Person,0.17000000178813934,604,111
104,2023-04-09T22:19:08.278000,163,Person,0.17000000178813934,605,111
105,2023-04-09T22:19:08.618000,163,Person,0.1599999964237213,604,111
106,2023-04-09T22:19:08.948000,163,Person,0.1599999964237213,604,111
107,2023-04-09T22:19:09.278000,163,Person,0.1599999964237213,604,111
108,2023-04-09T22:19:09.618000,163,Person,0.20999999344348907,605,110
109,2023-04-09T22:19:09.948000,163,Person,0.20999999344348907,605,110
110,2023-04-09T22:19:10.278000,163,Person,0.20999999344348907,605,110
111,2023-04-09T22:19:10.948000,163,Person,0.20000000298023224,604,111
112,2023-04-09T22:19:11.278000,163,Person,0.20000000298023224,604,111
113,2023-04-09T22:19:11.618000,163,Person,0.25999999046325684,604,111
114,2023-04-09T22:19:11.948000,163,Person,0.20999999344348907,604,111
115,2023-04-09T22:19:12.278000,163,Person,0.1899999976158142,605,111
116,2023-04-09T22:19:12.618000,163,Person,0.1899999976158142,605,111
117,2023-04-09T22:19:12.948000,163,Person,0.1899999976158142,605,111
118,2023-04-09T22:19:13.618000,163,Person,0.1599999964237213,604,111
119,2023-04-09T22:19:13.948000,163,Person,0.1599999964237213,604,111
120,2023-04-09T22:19:14.278000,163,Person,0.1599999964237213,604,111
121,2023-04-09T22:19:14.618000,163,Person,0.1599999964237213,604,111
122,2023-04-09T22:19:14.948000,163,Person,0.1599999964237213,604,111
123,2023-04-09T22:19:15.278000,163,Person,0.1599999964237213,604,111
124,2023-04-09T22:19:16.618000,164,Person,0.1899999976158142,604,111
125,2023-04-09T22:19:16.948000,164,Person,0.1899999976158142,604,111
126,2023-04-09T22:19:17.278000,164,Person,0.1899999976158142,604,111
127,2023-04-09T22:19:19.278000,165,Person,0.1899999976158142,605,111
128,2023-04-09T22:19:19.618000,165,Person,0.20999999344348907,604,111
129,2023-04-09T22:19:19.948000,165,Person,0.20999999344348907,604,111
130,2023-04-09T22:19:20.276000,165,Person,0.20999999344348907,604,111
131,2023-04-09T22:19:20.616000,165,Person,0.1599999964237213,605,111
132,2023-04-09T22:19:20.946000,165,Person,0.1599999964237213,605,111
133,2023-04-09T22:19:21.276000,165,Person,0.1599999964237213,605,111
134,2023-04-09T22:19:21.616000,165,Person,0.18000000715255737,605,111
135,2023-04-09T22:19:21.946000,165,Person,0.1599999964237213,604,111
136,2023-04-09T22:19:22.276000,165,Person,0.1599999964237213,604,111
137,2023-04-09T22:19:22.616000,165,Person,0.1599999964237213,604,111
138,2023-04-09T22:19:24.946000,166,Person,0.1599999964237213,605,112
139,2023-04-09T22:19:25.277000,166,Person,0.1599999964237213,605,112
140,2023-04-09T22:19:25.617000,166,Person,0.1599999964237213,605,112
141,2023-04-09T22:19:27.947000,167,Person,0.15000000596046448,605,111
142,2023-04-09T22:19:28.277000,167,Person,0.15000000596046448,605,111
143,2023-04-09T22:19:28.617000,167,Person,0.15000000596046448,605,111
144,2023-04-09T22:19:29.617000,168,Person,0.25,604,111
145,2023-04-09T22:19:29.947000,168,Person,0.25,604,111
146,2023-04-09T22:19:30.277000,168,Person,0.25,604,111
147,2023-04-09T22:19:30.947000,168,Person,0.17000000178813934,604,111
148,2023-04-09T22:19:31.277000,168,Person,0.17000000178813934,604,111
149,2023-04-09T22:19:31.617000,168,Person,0.17000000178813934,604,111
150,2023-04-09T22:19:32.277000,168,Person,0.17000000178813934,605,112
151,2023-04-09T22:19:32.617000,168,Person,0.17000000178813934,605,112
152,2023-04-09T22:19:32.947000,168,Person,0.17000000178813934,605,112
153,2023-04-09T22:19:34.947000,169,Person,0.23999999463558197,604,111
154,2023-04-09T22:19:35.278000,169,Person,0.1599999964237213,604,112
155,2023-04-09T22:19:35.618000,169,Person,0.1599999964237213,604,112
156,2023-04-09T22:19:35.948000,169,Person,0.1599999964237213,604,112
157,2023-04-09T22:19:36.278000,169,Person,0.1599999964237213,605,111
158,2023-04-09T22:19:36.618000,169,Person,0.1599999964237213,605,111
159,2023-04-09T22:19:36.948000,169,Person,0.1599999964237213,605,111
160,2023-04-09T22:19:37.948000,170,Person,0.20000000298023224,604,111
161,2023-04-09T22:19:38.278000,170,Person,0.20000000298023224,604,111
162,2023-04-09T22:19:38.618000,170,Person,0.18000000715255737,605,111
163,2023-04-09T22:19:38.948000,170,Person,0.18000000715255737,605,111
164,2023-04-09T22:19:39.278000,170,Person,0.18000000715255737,605,111
165,2023-04-09T22:19:39.618000,170,Person,0.25999999046325684,605,111
166,2023-04-09T22:19:39.948000,170,Person,0.1599999964237213,605,111
167,2023-04-09T22:19:40.276000,170,Person,0.1599999964237213,605,111
168,2023-04-09T22:19:40.616000,170,Person,0.1599999964237213,605,111
169,2023-04-09T22:19:40.946000,170,Person,0.1599999964237213,605,111
170,2023-04-09T22:19:41.276000,170,Person,0.1599999964237213,605,111
171,2023-04-09T22:19:41.616000,170,Person,0.28999999165534973,605,111
172,2023-04-09T22:19:41.946000,170,Person,0.28999999165534973,605,111
173,2023-04-09T22:19:42.276000,170,Person,0.28999999165534973,605,111
174,2023-04-09T22:19:44.276000,171,Person,0.15000000596046448,604,112
175,2023-04-09T22:19:44.616000,171,Person,0.15000000596046448,604,112
176,2023-04-09T22:19:44.946000,171,Person,0.1599999964237213,604,111
177,2023-04-09T22:19:45.276000,171,Person,0.1599999964237213,604,111
178,2023-04-09T22:19:45.616000,171,Person,0.1599999964237213,604,111
179,2023-04-09T22:19:45.946000,171,Person,0.1599999964237213,604,111
180,2023-04-09T22:19:47.616000,172,Person,0.23999999463558197,604,112
181,2023-04-09T22:19:47.946000,172,Person,0.23999999463558197,604,112
182,2023-04-09T22:19:48.276000,172,Person,0.23999999463558197,604,112
183,2023-04-09T22:19:50.617000,173,Person,0.15000000596046448,605,112
184,2023-04-09T22:19:50.947000,173,Person,0.15000000596046448,605,112
185,2023-04-09T22:19:51.277000,173,Person,0.15000000596046448,605,112
186,2023-04-09T22:19:51.617000,173,Person,0.23000000417232513,605,112
187,2023-04-09T22:19:51.947000,173,Person,0.23000000417232513,605,112
188,2023-04-09T22:19:52.277000,173,Person,0.1899999976158142,605,111
189,2023-04-09T22:19:52.617000,173,Person,0.1899999976158142,605,111
190,2023-04-09T22:19:52.947000,173,Person,0.1899999976158142,605,111
191,2023-04-09T22:19:55.947000,174,Person,0.17000000178813934,604,111
192,2023-04-09T22:19:56.277000,174,Person,0.2199999988079071,604,111
193,2023-04-09T22:19:56.617000,174,Person,0.2199999988079071,604,111
194,2023-04-09T22:19:56.947000,174,Person,0.2199999988079071,604,111
195,2023-04-09T22:19:59.947000,175,Person,0.1599999964237213,605,111
196,2023-04-09T22:20:00.277000,175,Person,0.1599999964237213,605,111
197,2023-04-09T22:20:00.617000,175,Person,0.1599999964237213,605,111
198,2023-04-09T22:20:01.617000,176,Person,0.17000000178813934,605,111
199,2023-04-09T22:20:01.947000,176,Person,0.17000000178813934,605,111
200,2023-04-09T22:20:02.277000,176,Person,0.17000000178813934,605,111
201,2023-04-09T22:20:03.947000,177,Person,0.20999999344348907,604,112
202,2023-04-09T22:20:04.277000,177,Person,0.20999999344348907,604,112
203,2023-04-09T22:20:04.617000,177,Person,0.20999999344348907,604,112
204,2023-04-09T22:20:05.277000,177,Person,0.1599999964237213,604,111
205,2023-04-09T22:20:05.617000,177,Person,0.25999999046325684,605,110
206,2023-04-09T22:20:05.947000,177,Person,0.25999999046325684,604,110
207,2023-04-09T22:20:06.277000,177,Person,0.25999999046325684,604,110
208,2023-04-09T22:20:06.617000,177,Person,0.25999999046325684,604,110
209,2023-04-09T22:20:07.617000,178,Person,0.15000000596046448,604,111
210,2023-04-09T22:20:07.947000,178,Person,0.15000000596046448,604,111
211,2023-04-09T22:20:08.277000,178,Person,0.15000000596046448,604,111
212,2023-04-09T22:20:09.277000,179,Person,0.23000000417232513,605,112
213,2023-04-09T22:20:09.617000,179,Person,0.18000000715255737,605,112
214,2023-04-09T22:20:09.947000,179,Person,0.18000000715255737,605,112
215,2023-04-09T22:20:10.277000,179,Person,0.18000000715255737,605,112
216,2023-04-09T22:20:11.277000,180,Person,0.1599999964237213,605,112
217,2023-04-09T22:20:11.617000,180,Person,0.18000000715255737,605,111
218,2023-04-09T22:20:11.947000,180,Person,0.18000000715255737,604,111
219,2023-04-09T22:20:12.277000,180,Person,0.1899999976158142,605,111
220,2023-04-09T22:20:12.617000,180,Person,0.1899999976158142,605,111
221,2023-04-09T22:20:12.947000,180,Person,0.1899999976158142,605,111
222,2023-04-09T22:20:13.947000,181,Person,0.17000000178813934,604,112
223,2023-04-09T22:20:14.277000,181,Person,0.17000000178813934,604,112
224,2023-04-09T22:20:14.617000,181,Person,0.17000000178813934,604,112
225,2023-04-09T22:20:17.617000,182,Person,0.23000000417232513,604,111
226,2023-04-09T22:20:17.947000,182,Person,0.23000000417232513,604,111
227,2023-04-09T22:20:18.277000,182,Person,0.23000000417232513,604,111
228,2023-04-09T22:20:18.947000,182,Person,0.17000000178813934,605,111
229,2023-04-09T22:20:19.277000,182,Person,0.17000000178813934,605,111
230,2023-04-09T22:20:19.617000,182,Person,0.17000000178813934,605,111
231,2023-04-09T22:20:23.617000,183,Person,0.20000000298023224,605,111
232,2023-04-09T22:20:23.947000,183,Person,0.18000000715255737,604,112
233,2023-04-09T22:20:24.277000,183,Person,0.18000000715255737,604,112
234,2023-04-09T22:20:24.617000,183,Person,0.18000000715255737,604,112
235,2023-04-09T22:20:27.616000,184,Person,0.2199999988079071,604,111
236,2023-04-09T22:20:27.946000,184,Person,0.2199999988079071,604,111
237,2023-04-09T22:20:28.276000,184,Person,0.2199999988079071,604,111
238,2023-04-09T22:20:29.946000,185,Person,0.1599999964237213,605,111
239,2023-04-09T22:20:30.276000,185,Person,0.1599999964237213,605,111
240,2023-04-09T22:20:30.616000,185,Person,0.1599999964237213,604,111
241,2023-04-09T22:20:30.946000,185,Person,0.1599999964237213,604,111
242,2023-04-09T22:20:31.276000,185,Person,0.1599999964237213,604,111
243,2023-04-09T22:20:32.946000,186,Person,0.1599999964237213,605,111
244,2023-04-09T22:20:33.276000,186,Person,0.1599999964237213,605,111
245,2023-04-09T22:20:33.616000,186,Person,0.1599999964237213,605,111
246,2023-04-09T22:20:40.277000,187,Person,0.1599999964237213,605,112
247,2023-04-09T22:20:40.617000,187,Person,0.1599999964237213,605,112
248,2023-04-09T22:20:40.947000,187,Person,0.1599999964237213,605,112
249,2023-04-09T22:20:44.947000,188,Person,0.1899999976158142,604,111
250,2023-04-09T22:20:45.276000,188,Person,0.17000000178813934,605,112
251,2023-04-09T22:20:45.616000,188,Person,0.1599999964237213,604,111
252,2023-04-09T22:20:45.946000,188,Person,0.15000000596046448,605,111
253,2023-04-09T22:20:46.276000,188,Person,0.15000000596046448,605,111
254,2023-04-09T22:20:46.616000,188,Person,0.15000000596046448,605,111
255,2023-04-09T22:20:47.946000,189,Person,0.17000000178813934,605,111
256,2023-04-09T22:20:48.276000,189,Person,0.1599999964237213,605,111
257,2023-04-09T22:20:48.616000,189,Person,0.1599999964237213,605,111
258,2023-04-09T22:20:48.946000,189,Person,0.1599999964237213,605,111
259,2023-04-09T22:20:53.617000,190,Person,0.20999999344348907,605,111
260,2023-04-09T22:20:53.947000,190,Person,0.20999999344348907,605,111
261,2023-04-09T22:20:54.277000,190,Person,0.20999999344348907,605,111
262,2023-04-09T22:20:54.617000,190,Person,0.20999999344348907,605,111
263,2023-04-09T22:20:56.277000,191,Person,0.1599999964237213,605,111
264,2023-04-09T22:20:56.617000,191,Person,0.1599999964237213,605,111
265,2023-04-09T22:20:56.947000,191,Person,0.23999999463558197,605,111
266,2023-04-09T22:20:57.277000,191,Person,0.23999999463558197,605,111
267,2023-04-09T22:20:57.617000,191,Person,0.23999999463558197,605,111
268,2023-04-09T22:20:58.277000,191,Person,0.15000000596046448,604,112
269,2023-04-09T22:20:58.617000,191,Person,0.15000000596046448,604,112
270,2023-04-09T22:20:58.947000,191,Person,0.15000000596046448,604,112
271,2023-04-09T22:21:02.277000,192,Person,0.20000000298023224,605,111
272,2023-04-09T22:21:02.617000,192,Person,0.20000000298023224,605,111
273,2023-04-09T22:21:02.947000,192,Person,0.20000000298023224,605,111
274,2023-04-09T22:21:03.947000,193,Person,0.1599999964237213,605,112
275,2023-04-09T22:21:04.277000,193,Person,0.1599999964237213,605,112
276,2023-04-09T22:21:04.617000,193,Person,0.1599999964237213,605,112
277,2023-04-09T22:21:06.277000,194,Person,0.1599999964237213,605,112
278,2023-04-09T22:21:06.617000,194,Person,0.1599999964237213,605,112
279,2023-04-09T22:21:06.947000,194,Person,0.1599999964237213,605,112
280,2023-04-09T22:21:09.617000,195,Person,0.18000000715255737,604,111
281,2023-04-09T22:21:09.947000,195,Person,0.18000000715255737,604,111
282,2023-04-09T22:21:10.277000,195,Person,0.18000000715255737,604,111
283,2023-04-09T22:21:10.947000,195,Person,0.25,605,111
284,2023-04-09T22:21:11.277000,195,Person,0.25,605,111
285,2023-04-09T22:21:11.617000,195,Person,0.25,605,111
286,2023-04-09T22:21:13.617000,196,Person,0.17000000178813934,604,111
287,2023-04-09T22:21:13.947000,196,Person,0.17000000178813934,604,111
288,2023-04-09T22:21:14.277000,196,Person,0.17000000178813934,604,111
289,2023-04-09T22:21:15.627000,197,Person,0.18000000715255737,604,111
290,2023-04-09T22:21:15.957000,197,Person,0.2199999988079071,605,111
291,2023-04-09T22:21:16.287000,197,Person,0.2199999988079071,605,111
292,2023-04-09T22:21:16.627000,197,Person,0.2199999988079071,605,111
293,2023-04-09T22:21:20.288000,198,Person,0.15000000596046448,604,111
294,2023-04-09T22:21:20.628000,198,Person,0.15000000596046448,604,111
295,2023-04-09T22:21:20.958000,198,Person,0.15000000596046448,604,111
296,2023-04-09T22:21:23.288000,199,Person,0.17000000178813934,604,112
297,2023-04-09T22:21:23.628000,199,Person,0.17000000178813934,604,112
298,2023-04-09T22:21:23.958000,199,Person,0.17000000178813934,604,112
299,2023-04-09T22:21:24.288000,199,Person,0.15000000596046448,604,112
300,2023-04-09T22:21:24.628000,199,Person,0.15000000596046448,604,112
301,2023-04-09T22:21:24.958000,199,Person,0.15000000596046448,604,112
302,2023-04-09T22:21:31.957000,200,Person,0.1599999964237213,605,111
303,2023-04-09T22:21:32.287000,200,Person,0.1599999964237213,605,111
304,2023-04-09T22:21:32.627000,200,Person,0.1599999964237213,605,111
305,2023-04-09T22:21:32.957000,200,Person,0.15000000596046448,605,111
306,2023-04-09T22:21:33.287000,200,Person,0.15000000596046448,605,111
307,2023-04-09T22:21:33.627000,200,Person,0.18000000715255737,604,112
308,2023-04-09T22:21:33.957000,200,Person,0.18000000715255737,604,112
309,2023-04-09T22:21:34.287000,200,Person,0.20000000298023224,604,112
310,2023-04-09T22:21:34.627000,200,Person,0.15000000596046448,605,112
311,2023-04-09T22:21:34.957000,200,Person,0.15000000596046448,605,112
312,2023-04-09T22:21:35.287000,200,Person,0.15000000596046448,605,112
313,2023-04-09T22:21:36.287000,201,Person,0.1899999976158142,605,111
314,2023-04-09T22:21:36.627000,201,Person,0.30000001192092896,605,111
315,2023-04-09T22:21:36.957000,201,Person,0.15000000596046448,605,111
316,2023-04-09T22:21:37.287000,201,Person,0.1899999976158142,605,111
317,2023-04-09T22:21:37.627000,201,Person,0.1899999976158142,605,111
318,2023-04-09T22:21:37.957000,201,Person,0.20000000298023224,604,111
319,2023-04-09T22:21:38.287000,201,Person,0.1599999964237213,604,112
320,2023-04-09T22:21:38.627000,201,Person,0.1599999964237213,604,112
321,2023-04-09T22:21:38.957000,201,Person,0.1599999964237213,604,112
322,2023-04-09T22:21:43.628000,202,Person,0.18000000715255737,605,111
323,2023-04-09T22:21:43.958000,202,Person,0.18000000715255737,605,111
324,2023-04-09T22:21:44.288000,202,Person,0.18000000715255737,605,111
325,2023-04-09T22:21:47.957000,203,Person,0.2199999988079071,605,112
326,2023-04-09T22:21:48.287000,203,Person,0.1599999964237213,605,111
327,2023-04-09T22:21:48.627000,203,Person,0.1599999964237213,605,111
328,2023-04-09T22:21:48.957000,203,Person,0.1599999964237213,605,111
329,2023-04-09T22:21:51.287000,204,Person,0.1599999964237213,605,111
330,2023-04-09T22:21:51.627000,204,Person,0.1899999976158142,604,111
331,2023-04-09T22:21:51.957000,204,Person,0.1899999976158142,604,111
332,2023-04-09T22:21:52.287000,204,Person,0.1899999976158142,604,111
333,2023-04-09T22:21:53.627000,205,Person,0.18000000715255737,605,111
334,2023-04-09T22:21:53.957000,205,Person,0.18000000715255737,605,111
335,2023-04-09T22:21:54.287000,205,Person,0.18000000715255737,605,111
336,2023-04-09T22:21:55.288000,206,Person,0.18000000715255737,605,111
337,2023-04-09T22:21:55.628000,206,Person,0.1599999964237213,605,111
338,2023-04-09T22:21:55.958000,206,Person,0.2199999988079071,605,111
339,2023-04-09T22:21:56.288000,206,Person,0.2199999988079071,605,111
340,2023-04-09T22:21:56.628000,206,Person,0.2199999988079071,605,111
341,2023-04-09T22:21:57.628000,207,Person,0.25,604,111
342,2023-04-09T22:21:57.958000,207,Person,0.25,604,111
343,2023-04-09T22:21:58.288000,207,Person,0.25,604,111
344,2023-04-09T22:21:58.628000,207,Person,0.15000000596046448,605,111
345,2023-04-09T22:21:58.958000,207,Person,0.15000000596046448,605,111
346,2023-04-09T22:21:59.288000,207,Person,0.2199999988079071,604,111
347,2023-04-09T22:21:59.628000,207,Person,0.2199999988079071,604,111
348,2023-04-09T22:21:59.958000,207,Person,0.2199999988079071,604,111
349,2023-04-09T22:22:02.287000,208,Person,0.17000000178813934,605,111
350,2023-04-09T22:22:02.627000,208,Person,0.17000000178813934,605,111
351,2023-04-09T22:22:02.957000,208,Person,0.17000000178813934,605,111
352,2023-04-09T22:22:06.288000,209,Person,0.1599999964237213,605,111
353,2023-04-09T22:22:06.628000,209,Person,0.1599999964237213,605,111
354,2023-04-09T22:22:06.958000,209,Person,0.1599999964237213,605,111
355,2023-04-09T22:22:07.628000,209,Person,0.20000000298023224,605,111
356,2023-04-09T22:22:07.958000,209,Person,0.20000000298023224,605,111
357,2023-04-09T22:22:08.288000,209,Person,0.20000000298023224,605,111
358,2023-04-09T22:22:08.628000,209,Person,0.20000000298023224,605,111
359,2023-04-09T22:22:08.958000,209,Person,0.20000000298023224,605,111
360,2023-04-09T22:22:09.958000,210,Person,0.1599999964237213,605,111
361,2023-04-09T22:22:10.287000,210,Person,0.1599999964237213,605,111
362,2023-04-09T22:22:10.627000,210,Person,0.1599999964237213,605,111
363,2023-04-09T22:22:11.627000,211,Person,0.1899999976158142,604,111
364,2023-04-09T22:22:11.957000,211,Person,0.1899999976158142,604,111
365,2023-04-09T22:22:12.287000,211,Person,0.1899999976158142,604,111
366,2023-04-09T22:22:12.987000,211,Person,0.1599999964237213,605,111
367,2023-04-09T22:22:13.327000,211,Person,0.1599999964237213,605,111
368,2023-04-09T22:22:13.657000,211,Person,0.1599999964237213,605,111
369,2023-04-09T22:22:19.657000,212,Person,0.17000000178813934,605,111
370,2023-04-09T22:22:19.987000,212,Person,0.20999999344348907,604,111
371,2023-04-09T22:22:20.327000,212,Person,0.20999999344348907,604,111
372,2023-04-09T22:22:20.657000,212,Person,0.20999999344348907,604,111
373,2023-04-09T22:22:23.987000,213,Person,0.2199999988079071,604,112
374,2023-04-09T22:22:24.327000,213,Person,0.2199999988079071,604,112
375,2023-04-09T22:22:24.657000,213,Person,0.2199999988079071,604,112
376,2023-04-09T22:22:26.328000,214,Person,0.1599999964237213,605,112
377,2023-04-09T22:22:26.658000,214,Person,0.1599999964237213,605,112
378,2023-04-09T22:22:26.988000,214,Person,0.1599999964237213,605,112
379,2023-04-09T22:22:33.986000,215,Person,0.1899999976158142,604,111
380,2023-04-09T22:22:34.326000,215,Person,0.1899999976158142,604,111
381,2023-04-09T22:22:34.656000,215,Person,0.1899999976158142,604,111
382,2023-04-09T22:22:35.988000,216,Person,0.1599999964237213,605,111
383,2023-04-09T22:22:36.328000,216,Person,0.1599999964237213,605,111
384,2023-04-09T22:22:36.658000,216,Person,0.1599999964237213,605,112
385,2023-04-09T22:22:36.988000,216,Person,0.1599999964237213,605,112
386,2023-04-09T22:22:37.328000,216,Person,0.1599999964237213,605,112
387,2023-04-09T22:22:38.328000,217,Person,0.23000000417232513,605,111
388,2023-04-09T22:22:38.658000,217,Person,0.23000000417232513,605,111
389,2023-04-09T22:22:38.988000,217,Person,0.23000000417232513,605,111
390,2023-04-09T22:22:39.658000,217,Person,0.17000000178813934,605,111
391,2023-04-09T22:22:39.988000,217,Person,0.20000000298023224,604,111
392,2023-04-09T22:22:40.326000,217,Person,0.20000000298023224,604,111
393,2023-04-09T22:22:40.656000,217,Person,0.20000000298023224,604,111
394,2023-04-09T22:22:41.986000,218,Person,0.1599999964237213,605,111
395,2023-04-09T22:22:42.326000,218,Person,0.1599999964237213,605,111
396,2023-04-09T22:22:42.656000,218,Person,0.1599999964237213,605,111
397,2023-04-09T22:22:42.986000,218,Person,0.15000000596046448,605,111
398,2023-04-09T22:22:43.326000,218,Person,0.15000000596046448,605,111
399,2023-04-09T22:22:43.656000,218,Person,0.15000000596046448,605,111
400,2023-04-09T22:22:45.656000,219,Person,0.20000000298023224,604,111
401,2023-04-09T22:22:45.986000,219,Person,0.1599999964237213,605,111
402,2023-04-09T22:22:46.326000,219,Person,0.15000000596046448,605,112
403,2023-04-09T22:22:46.656000,219,Person,0.15000000596046448,605,112
404,2023-04-09T22:22:46.986000,219,Person,0.18000000715255737,605,112
405,2023-04-09T22:22:47.326000,219,Person,0.18000000715255737,605,112
406,2023-04-09T22:22:47.656000,219,Person,0.1599999964237213,605,111
407,2023-04-09T22:22:47.986000,219,Person,0.1599999964237213,605,111
408,2023-04-09T22:22:48.326000,219,Person,0.1599999964237213,605,111
409,2023-04-09T22:22:49.656000,220,Person,0.23000000417232513,604,111
410,2023-04-09T22:22:49.986000,220,Person,0.23000000417232513,604,111
411,2023-04-09T22:22:50.328000,220,Person,0.23000000417232513,604,111
412,2023-04-09T22:22:52.988000,221,Person,0.15000000596046448,605,111
413,2023-04-09T22:22:53.328000,221,Person,0.15000000596046448,605,111
414,2023-04-09T22:22:53.658000,221,Person,0.15000000596046448,605,111
415,2023-04-09T22:22:53.988000,221,Person,0.2199999988079071,604,111
416,2023-04-09T22:22:54.328000,221,Person,0.2199999988079071,604,111
417,2023-04-09T22:22:54.658000,221,Person,0.2199999988079071,604,111
418,2023-04-09T22:22:57.326000,222,Person,0.15000000596046448,605,112
419,2023-04-09T22:22:57.656000,222,Person,0.15000000596046448,605,112
420,2023-04-09T22:22:57.986000,222,Person,0.15000000596046448,605,112
421,2023-04-09T22:23:00.657000,223,Person,0.20000000298023224,605,111
422,2023-04-09T22:23:00.987000,223,Person,0.1599999964237213,605,111
423,2023-04-09T22:23:01.327000,223,Person,0.1599999964237213,605,111
424,2023-04-09T22:23:01.657000,223,Person,0.1599999964237213,605,111
425,2023-04-09T22:23:02.657000,224,Person,0.15000000596046448,605,111
426,2023-04-09T22:23:02.987000,224,Person,0.15000000596046448,605,111
427,2023-04-09T22:23:03.327000,224,Person,0.2199999988079071,604,111
428,2023-04-09T22:23:03.657000,224,Person,0.2199999988079071,604,111
429,2023-04-09T22:23:03.987000,224,Person,0.2199999988079071,604,111
430,2023-04-09T22:23:06.987000,225,Person,0.18000000715255737,605,111
431,2023-04-09T22:23:07.327000,225,Person,0.18000000715255737,605,111
432,2023-04-09T22:23:07.657000,225,Person,0.18000000715255737,605,111
433,2023-04-09T22:23:08.327000,225,Person,0.17000000178813934,604,111
434,2023-04-09T22:23:08.657000,225,Person,0.17000000178813934,604,111
435,2023-04-09T22:23:08.987000,225,Person,0.17000000178813934,604,111
436,2023-04-09T22:23:13.328000,226,Person,0.1599999964237213,605,111
437,2023-04-09T22:23:13.658000,226,Person,0.1599999964237213,605,111
438,2023-04-09T22:23:13.988000,226,Person,0.1599999964237213,605,111
439,2023-04-09T22:23:14.658000,226,Person,0.1599999964237213,604,111
440,2023-04-09T22:23:14.988000,226,Person,0.1599999964237213,604,111
441,2023-04-09T22:23:15.327000,226,Person,0.1599999964237213,604,111
442,2023-04-09T22:23:17.987000,227,Person,0.15000000596046448,604,112
443,2023-04-09T22:23:18.327000,227,Person,0.15000000596046448,604,112
444,2023-04-09T22:23:18.657000,227,Person,0.15000000596046448,604,112
445,2023-04-09T22:23:20.328000,228,Person,0.1599999964237213,604,111
446,2023-04-09T22:23:20.658000,228,Person,0.1599999964237213,604,111
447,2023-04-09T22:23:20.988000,228,Person,0.1599999964237213,604,111
448,2023-04-09T22:23:21.328000,228,Person,0.20999999344348907,605,111
449,2023-04-09T22:23:21.658000,228,Person,0.1599999964237213,604,111
450,2023-04-09T22:23:21.988000,228,Person,0.23000000417232513,604,111
451,2023-04-09T22:23:22.328000,228,Person,0.23000000417232513,604,111
452,2023-04-09T22:23:22.658000,228,Person,0.23000000417232513,604,111
453,2023-04-09T22:23:24.658000,229,Person,0.15000000596046448,605,111
454,2023-04-09T22:23:24.988000,229,Person,0.15000000596046448,605,111
455,2023-04-09T22:23:25.328000,229,Person,0.15000000596046448,605,111
456,2023-04-09T22:23:28.988000,230,Person,0.20999999344348907,604,111
457,2023-04-09T22:23:29.328000,230,Person,0.20999999344348907,604,111
458,2023-04-09T22:23:29.658000,230,Person,0.20999999344348907,604,111
459,2023-04-09T22:23:29.988000,230,Person,0.17000000178813934,604,111
460,2023-04-09T22:23:30.327000,230,Person,0.17000000178813934,604,111
461,2023-04-09T22:23:30.657000,230,Person,0.17000000178813934,604,111
462,2023-04-09T22:23:35.657000,231,Person,0.20999999344348907,605,111
463,2023-04-09T22:23:35.987000,231,Person,0.20999999344348907,605,111
464,2023-04-09T22:23:36.327000,231,Person,0.20999999344348907,605,111
465,2023-04-09T22:23:38.657000,232,Person,0.1899999976158142,605,111
466,2023-04-09T22:23:38.987000,232,Person,0.17000000178813934,605,112
467,2023-04-09T22:23:39.327000,232,Person,0.17000000178813934,605,112
468,2023-04-09T22:23:39.657000,232,Person,0.17000000178813934,605,112
469,2023-04-09T22:23:41.327000,233,Person,0.18000000715255737,605,111
470,2023-04-09T22:23:41.657000,233,Person,0.18000000715255737,605,111
471,2023-04-09T22:23:41.987000,233,Person,0.20000000298023224,604,112
472,2023-04-09T22:23:42.327000,233,Person,0.20000000298023224,604,112
473,2023-04-09T22:23:42.657000,233,Person,0.20000000298023224,604,112
474,2023-04-09T22:23:43.657000,234,Person,0.1899999976158142,605,111
475,2023-04-09T22:23:43.987000,234,Person,0.1899999976158142,605,111
476,2023-04-09T22:23:44.327000,234,Person,0.1899999976158142,605,111
477,2023-04-09T22:23:47.658000,235,Person,0.20000000298023224,605,111
478,2023-04-09T22:23:47.988000,235,Person,0.1599999964237213,605,111
479,2023-04-09T22:23:48.328000,235,Person,0.17000000178813934,604,112
480,2023-04-09T22:23:48.658000,235,Person,0.17000000178813934,604,112
481,2023-04-09T22:23:48.988000,235,Person,0.17000000178813934,604,112
482,2023-04-09T22:23:49.988000,236,Person,0.1599999964237213,604,112
483,2023-04-09T22:23:50.328000,236,Person,0.17000000178813934,605,112
484,2023-04-09T22:23:50.658000,236,Person,0.17000000178813934,605,112
485,2023-04-09T22:23:50.988000,236,Person,0.17000000178813934,605,112
486,2023-04-09T22:23:51.658000,236,Person,0.1599999964237213,604,111
487,2023-04-09T22:23:51.988000,236,Person,0.1599999964237213,604,111
488,2023-04-09T22:23:52.328000,236,Person,0.1599999964237213,604,111
489,2023-04-09T22:23:52.658000,236,Person,0.15000000596046448,604,111
490,2023-04-09T22:23:52.988000,236,Person,0.15000000596046448,604,111
491,2023-04-09T22:23:53.328000,236,Person,0.15000000596046448,604,111
492,2023-04-09T22:23:53.988000,236,Person,0.2199999988079071,605,111
493,2023-04-09T22:23:54.328000,236,Person,0.2199999988079071,605,111
494,2023-04-09T22:23:54.658000,236,Person,0.2199999988079071,605,111
495,2023-04-09T22:23:54.988000,236,Person,0.17000000178813934,604,111
496,2023-04-09T22:23:55.327000,236,Person,0.18000000715255737,605,111
497,2023-04-09T22:23:55.657000,236,Person,0.18000000715255737,605,111
498,2023-04-09T22:23:55.987000,236,Person,0.2199999988079071,605,111
499,2023-04-09T22:23:56.327000,236,Person,0.2199999988079071,605,111
500,2023-04-09T22:23:56.657000,236,Person,0.2199999988079071,605,111
501,2023-04-09T22:23:56.987000,236,Person,0.18000000715255737,604,111
502,2023-04-09T22:23:57.327000,236,Person,0.18000000715255737,604,111
503,2023-04-09T22:23:57.657000,236,Person,0.18000000715255737,604,111
504,2023-04-09T22:23:59.657000,237,Person,0.2199999988079071,605,112
505,2023-04-09T22:23:59.987000,237,Person,0.17000000178813934,604,111
506,2023-04-09T22:24:00.327000,237,Person,0.17000000178813934,604,111
507,2023-04-09T22:24:00.657000,237,Person,0.1899999976158142,605,111
508,2023-04-09T22:24:00.987000,237,Person,0.1899999976158142,605,111
509,2023-04-09T22:24:01.327000,237,Person,0.18000000715255737,605,111
510,2023-04-09T22:24:01.657000,237,Person,0.18000000715255737,604,111
511,2023-04-09T22:24:01.987000,237,Person,0.23999999463558197,605,111
512,2023-04-09T22:24:02.327000,237,Person,0.23999999463558197,605,111
513,2023-04-09T22:24:02.657000,237,Person,0.23999999463558197,605,111
514,2023-04-09T22:24:04.327000,238,Person,0.1599999964237213,604,111
515,2023-04-09T22:24:04.657000,238,Person,0.1599999964237213,604,111
516,2023-04-09T22:24:04.987000,238,Person,0.1599999964237213,604,111
517,2023-04-09T22:24:06.327000,239,Person,0.15000000596046448,605,111
518,2023-04-09T22:24:06.657000,239,Person,0.15000000596046448,605,111
519,2023-04-09T22:24:06.987000,239,Person,0.15000000596046448,605,111
520,2023-04-09T22:24:07.657000,239,Person,0.15000000596046448,604,111
521,2023-04-09T22:24:07.987000,239,Person,0.15000000596046448,604,111
522,2023-04-09T22:24:08.327000,239,Person,0.15000000596046448,604,111
523,2023-04-09T22:24:10.327000,240,Person,0.15000000596046448,605,111
524,2023-04-09T22:24:10.657000,240,Person,0.15000000596046448,605,111
525,2023-04-09T22:24:10.987000,240,Person,0.15000000596046448,605,111
526,2023-04-09T22:24:11.327000,240,Person,0.1599999964237213,605,111
527,2023-04-09T22:24:11.657000,240,Person,0.1599999964237213,605,111
528,2023-04-09T22:24:11.987000,240,Person,0.17000000178813934,604,111
529,2023-04-09T22:24:12.327000,240,Person,0.17000000178813934,604,111
530,2023-04-09T22:24:12.657000,240,Person,0.17000000178813934,605,111
531,2023-04-09T22:24:12.987000,240,Person,0.17000000178813934,605,111
532,2023-04-09T22:24:13.327000,240,Person,0.17000000178813934,605,111
533,2023-04-09T22:24:15.987000,241,Person,0.17000000178813934,604,112
534,2023-04-09T22:24:16.327000,241,Person,0.17000000178813934,604,112
535,2023-04-09T22:24:16.657000,241,Person,0.17000000178813934,604,112
536,2023-04-09T22:24:25.987000,242,Person,0.15000000596046448,605,110
537,2023-04-09T22:24:26.327000,242,Person,0.15000000596046448,605,110
538,2023-04-09T22:24:26.657000,242,Person,0.15000000596046448,605,110
539,2023-04-09T22:24:27.987000,243,Person,0.15000000596046448,605,111
540,2023-04-09T22:24:28.327000,243,Person,0.15000000596046448,605,111
541,2023-04-09T22:24:28.657000,243,Person,0.15000000596046448,605,111
542,2023-04-09T22:24:35.987000,244,Person,0.17000000178813934,605,111
543,2023-04-09T22:24:36.327000,244,Person,0.15000000596046448,605,111
544,2023-04-09T22:24:36.657000,244,Person,0.15000000596046448,605,111
545,2023-04-09T22:24:36.987000,244,Person,0.15000000596046448,605,111
546,2023-04-09T22:24:42.657000,245,Person,0.1599999964237213,605,111
547,2023-04-09T22:24:42.987000,245,Person,0.1599999964237213,605,111
548,2023-04-09T22:24:43.327000,245,Person,0.1599999964237213,605,111
549,2023-04-09T22:24:45.656000,246,Person,0.1599999964237213,605,111
550,2023-04-09T22:24:45.986000,246,Person,0.1599999964237213,605,111
551,2023-04-09T22:24:46.326000,246,Person,0.1599999964237213,605,111
552,2023-04-09T22:24:47.986000,247,Person,0.1599999964237213,605,111
553,2023-04-09T22:24:48.326000,247,Person,0.1599999964237213,605,111
554,2023-04-09T22:24:48.656000,247,Person,0.25,605,111
555,2023-04-09T22:24:48.986000,247,Person,0.25,605,111
556,2023-04-09T22:24:49.326000,247,Person,0.1899999976158142,605,111
557,2023-04-09T22:24:49.656000,247,Person,0.1899999976158142,605,111
558,2023-04-09T22:24:49.986000,247,Person,0.1899999976158142,605,111
559,2023-04-09T22:25:02.327000,248,Person,0.1599999964237213,604,111
560,2023-04-09T22:25:02.657000,248,Person,0.1599999964237213,604,111
561,2023-04-09T22:25:02.987000,248,Person,0.1599999964237213,604,111
562,2023-04-09T22:25:03.987000,249,Person,0.17000000178813934,605,111
563,2023-04-09T22:25:04.327000,249,Person,0.17000000178813934,605,112
564,2023-04-09T22:25:04.657000,249,Person,0.17000000178813934,605,112
565,2023-04-09T22:25:04.987000,249,Person,0.17000000178813934,605,112
566,2023-04-09T22:25:05.657000,249,Person,0.1899999976158142,604,112
567,2023-04-09T22:25:05.987000,249,Person,0.1899999976158142,604,112
568,2023-04-09T22:25:06.327000,249,Person,0.1899999976158142,604,112
569,2023-04-09T22:25:07.987000,250,Person,0.1899999976158142,605,111
570,2023-04-09T22:25:08.327000,250,Person,0.1899999976158142,605,111
571,2023-04-09T22:25:08.657000,250,Person,0.1899999976158142,605,111
572,2023-04-09T22:25:10.658000,251,Person,0.15000000596046448,605,112
573,2023-04-09T22:25:10.988000,251,Person,0.15000000596046448,605,112
574,2023-04-09T22:25:11.328000,251,Person,0.15000000596046448,605,112
575,2023-04-09T22:25:12.328000,252,Person,0.1599999964237213,605,112
576,2023-04-09T22:25:12.658000,252,Person,0.1599999964237213,605,112
577,2023-04-09T22:25:12.988000,252,Person,0.1599999964237213,605,112
578,2023-04-09T22:25:14.328000,253,Person,0.17000000178813934,605,112
579,2023-04-09T22:25:14.658000,253,Person,0.17000000178813934,605,112
580,2023-04-09T22:25:14.988000,253,Person,0.17000000178813934,605,112
581,2023-04-09T22:25:16.656000,254,Person,0.18000000715255737,605,112
582,2023-04-09T22:25:16.986000,254,Person,0.18000000715255737,605,112
583,2023-04-09T22:25:17.326000,254,Person,0.18000000715255737,605,112
584,2023-04-09T22:25:20.656000,255,Person,0.1599999964237213,604,112
585,2023-04-09T22:25:20.986000,255,Person,0.1599999964237213,604,112
586,2023-04-09T22:25:21.326000,255,Person,0.1599999964237213,604,112
587,2023-04-09T22:25:22.656000,256,Person,0.1599999964237213,605,112
588,2023-04-09T22:25:22.986000,256,Person,0.1599999964237213,605,112
589,2023-04-09T22:25:23.326000,256,Person,0.1899999976158142,605,112
590,2023-04-09T22:25:23.656000,256,Person,0.1899999976158142,605,112
591,2023-04-09T22:25:23.986000,256,Person,0.15000000596046448,605,112
592,2023-04-09T22:25:24.326000,256,Person,0.15000000596046448,605,112
593,2023-04-09T22:25:24.656000,256,Person,0.15000000596046448,605,112
594,2023-04-09T22:25:26.987000,257,Person,0.2199999988079071,604,111
595,2023-04-09T22:25:27.327000,257,Person,0.2199999988079071,604,111
596,2023-04-09T22:25:27.657000,257,Person,0.2199999988079071,604,111
597,2023-04-09T22:25:28.327000,257,Person,0.1599999964237213,605,111
598,2023-04-09T22:25:28.657000,257,Person,0.1599999964237213,605,111
599,2023-04-09T22:25:28.987000,257,Person,0.1599999964237213,605,111
600,2023-04-09T22:25:32.327000,258,Person,0.15000000596046448,604,111
601,2023-04-09T22:25:32.657000,258,Person,0.15000000596046448,604,111
602,2023-04-09T22:25:32.987000,258,Person,0.15000000596046448,604,111
603,2023-04-09T22:25:37.328000,259,Person,0.18000000715255737,605,111
604,2023-04-09T22:25:37.658000,259,Person,0.18000000715255737,605,111
605,2023-04-09T22:25:37.988000,259,Person,0.18000000715255737,605,112
606,2023-04-09T22:25:38.328000,259,Person,0.1599999964237213,605,112
607,2023-04-09T22:25:38.658000,259,Person,0.1599999964237213,605,112
608,2023-04-09T22:25:38.988000,259,Person,0.1599999964237213,605,112
609,2023-04-09T22:25:41.658000,260,Person,0.15000000596046448,605,111
610,2023-04-09T22:25:41.988000,260,Person,0.1599999964237213,605,111
611,2023-04-09T22:25:42.328000,260,Person,0.17000000178813934,605,111
612,2023-04-09T22:25:42.658000,260,Person,0.17000000178813934,605,111
613,2023-04-09T22:25:42.988000,260,Person,0.17000000178813934,605,111
614,2023-04-09T22:25:49.328000,261,Person,0.15000000596046448,605,111
615,2023-04-09T22:25:49.658000,261,Person,0.15000000596046448,605,111
616,2023-04-09T22:25:49.988000,261,Person,0.15000000596046448,605,111
617,2023-04-09T22:25:56.328000,262,Person,0.17000000178813934,605,111
618,2023-04-09T22:25:56.658000,262,Person,0.17000000178813934,605,111
619,2023-04-09T22:25:56.988000,262,Person,0.17000000178813934,605,111
620,2023-04-09T22:25:57.328000,262,Person,0.23999999463558197,604,111
621,2023-04-09T22:25:57.658000,262,Person,0.23999999463558197,604,111
622,2023-04-09T22:25:57.988000,262,Person,0.23999999463558197,604,111
623,2023-04-09T22:26:05.657000,263,Person,0.20000000298023224,604,111
624,2023-04-09T22:26:05.987000,263,Person,0.20000000298023224,604,111
625,2023-04-09T22:26:06.327000,263,Person,0.20000000298023224,604,111
626,2023-04-09T22:26:12.327000,264,Person,0.1599999964237213,604,112
627,2023-04-09T22:26:12.657000,264,Person,0.1599999964237213,605,112
628,2023-04-09T22:26:12.987000,264,Person,0.1599999964237213,605,112
629,2023-04-09T22:26:13.327000,264,Person,0.18000000715255737,604,112
630,2023-04-09T22:26:13.657000,264,Person,0.18000000715255737,604,112
631,2023-04-09T22:26:13.987000,264,Person,0.18000000715255737,604,112
632,2023-04-09T22:26:15.987000,265,Person,0.1599999964237213,605,111
633,2023-04-09T22:26:16.327000,265,Person,0.1599999964237213,605,111
634,2023-04-09T22:26:16.657000,265,Person,0.1599999964237213,605,111
635,2023-04-09T22:26:25.992000,266,Person,0.17000000178813934,604,111
636,2023-04-09T22:26:26.332000,266,Person,0.17000000178813934,604,111
637,2023-04-09T22:26:26.662000,266,Person,0.17000000178813934,604,111
638,2023-04-09T22:26:27.662000,267,Person,0.1899999976158142,605,111
639,2023-04-09T22:26:27.992000,267,Person,0.1899999976158142,605,111
640,2023-04-09T22:26:28.332000,267,Person,0.17000000178813934,604,112
641,2023-04-09T22:26:28.662000,267,Person,0.17000000178813934,604,112
642,2023-04-09T22:26:28.992000,267,Person,0.17000000178813934,604,112
643,2023-04-09T22:26:42.662000,268,Person,0.1899999976158142,605,112
644,2023-04-09T22:26:42.992000,268,Person,0.17000000178813934,604,112
645,2023-04-09T22:26:43.332000,268,Person,0.17000000178813934,604,112
646,2023-04-09T22:26:43.662000,268,Person,0.17000000178813934,604,112
647,2023-04-09T22:26:45.662000,269,Person,0.15000000596046448,605,112
648,2023-04-09T22:26:45.992000,269,Person,0.15000000596046448,605,112
649,2023-04-09T22:26:46.332000,269,Person,0.15000000596046448,605,112
650,2023-04-09T22:26:46.662000,269,Person,0.15000000596046448,605,111
651,2023-04-09T22:26:46.992000,269,Person,0.15000000596046448,605,111
652,2023-04-09T22:26:47.332000,269,Person,0.15000000596046448,605,111
653,2023-04-09T22:26:49.992000,270,Person,0.20000000298023224,604,111
654,2023-04-09T22:26:50.332000,270,Person,0.20000000298023224,604,111
655,2023-04-09T22:26:50.662000,270,Person,0.20000000298023224,604,111
656,2023-04-09T22:26:54.662000,271,Person,0.17000000178813934,604,112
657,2023-04-09T22:26:54.992000,271,Person,0.17000000178813934,604,112
658,2023-04-09T22:26:55.333000,271,Person,0.17000000178813934,604,112
659,2023-04-09T22:27:00.332000,272,Person,0.2199999988079071,604,112
660,2023-04-09T22:27:00.662000,272,Person,0.2199999988079071,604,112
661,2023-04-09T22:27:00.992000,272,Person,0.2199999988079071,604,112
662,2023-04-09T22:27:03.332000,273,Person,0.17000000178813934,604,111
663,2023-04-09T22:27:03.662000,273,Person,0.17000000178813934,604,111
664,2023-04-09T22:27:03.992000,273,Person,0.17000000178813934,604,111
665,2023-04-09T22:27:08.663000,274,Person,0.2199999988079071,605,111
666,2023-04-09T22:27:08.993000,274,Person,0.2199999988079071,605,111
667,2023-04-09T22:27:09.333000,274,Person,0.2199999988079071,605,111
668,2023-04-09T22:27:12.992000,275,Person,0.15000000596046448,605,111
669,2023-04-09T22:27:13.332000,275,Person,0.15000000596046448,605,111
670,2023-04-09T22:27:13.662000,275,Person,0.15000000596046448,605,111
671,2023-04-09T22:27:17.662000,276,Person,0.15000000596046448,605,111
672,2023-04-09T22:27:17.992000,276,Person,0.15000000596046448,605,111
673,2023-04-09T22:27:18.332000,276,Person,0.15000000596046448,605,111
674,2023-04-09T22:27:21.331000,277,Person,0.15000000596046448,605,112
675,2023-04-09T22:27:21.661000,277,Person,0.15000000596046448,605,112
676,2023-04-09T22:27:21.991000,277,Person,0.15000000596046448,605,112
677,2023-04-09T22:27:27.333000,278,Person,0.15000000596046448,604,111
678,2023-04-09T22:27:27.663000,278,Person,0.15000000596046448,604,111
679,2023-04-09T22:27:27.993000,278,Person,0.15000000596046448,604,111
680,2023-04-09T22:27:29.993000,279,Person,0.1599999964237213,605,111
681,2023-04-09T22:27:30.332000,279,Person,0.1599999964237213,605,111
682,2023-04-09T22:27:30.662000,279,Person,0.1599999964237213,605,111
683,2023-04-09T22:27:30.992000,279,Person,0.1599999964237213,605,111
684,2023-04-09T22:27:31.332000,279,Person,0.1599999964237213,605,111
685,2023-04-09T22:27:33.992000,280,Person,0.17000000178813934,604,111
686,2023-04-09T22:27:34.332000,280,Person,0.1599999964237213,605,111
687,2023-04-09T22:27:34.662000,280,Person,0.1599999964237213,605,111
688,2023-04-09T22:27:34.992000,280,Person,0.1599999964237213,605,111
689,2023-04-09T22:27:38.332000,281,Person,0.18000000715255737,605,111
690,2023-04-09T22:27:38.662000,281,Person,0.18000000715255737,605,111
691,2023-04-09T22:27:38.992000,281,Person,0.18000000715255737,605,111
692,2023-04-09T22:27:43.662000,282,Person,0.1599999964237213,605,111
693,2023-04-09T22:27:43.992000,282,Person,0.1599999964237213,605,111
694,2023-04-09T22:27:44.332000,282,Person,0.1599999964237213,605,111
695,2023-04-09T22:27:45.663000,283,Person,0.2199999988079071,604,112
696,2023-04-09T22:27:45.993000,283,Person,0.2199999988079071,604,112
697,2023-04-09T22:27:46.333000,283,Person,0.2199999988079071,604,112
698,2023-04-09T22:27:55.992000,284,Person,0.2199999988079071,604,111
699,2023-04-09T22:27:56.332000,284,Person,0.2199999988079071,604,111
700,2023-04-09T22:27:56.662000,284,Person,0.2199999988079071,604,111
701,2023-04-09T22:27:57.662000,285,Person,0.18000000715255737,604,111
702,2023-04-09T22:27:57.992000,285,Person,0.18000000715255737,604,111
703,2023-04-09T22:27:58.332000,285,Person,0.18000000715255737,604,111
704,2023-04-09T22:28:01.991000,286,Person,0.15000000596046448,605,111
705,2023-04-09T22:28:02.331000,286,Person,0.15000000596046448,605,111
706,2023-04-09T22:28:02.661000,286,Person,0.15000000596046448,605,111
707,2023-04-09T22:28:08.332000,287,Person,0.1599999964237213,604,111
708,2023-04-09T22:28:08.662000,287,Person,0.1599999964237213,604,111
709,2023-04-09T22:28:08.992000,287,Person,0.1599999964237213,604,111
710,2023-04-09T22:28:11.661000,288,Person,0.17000000178813934,604,111
711,2023-04-09T22:28:11.991000,288,Person,0.17000000178813934,604,111
712,2023-04-09T22:28:12.331000,288,Person,0.17000000178813934,604,111
713,2023-04-09T22:28:15.332000,289,Person,0.15000000596046448,605,112
714,2023-04-09T22:28:15.662000,289,Person,0.15000000596046448,605,112
715,2023-04-09T22:28:15.992000,289,Person,0.15000000596046448,605,112
716,2023-04-09T22:28:19.662000,290,Person,0.15000000596046448,605,111
717,2023-04-09T22:28:19.992000,290,Person,0.15000000596046448,605,111
718,2023-04-09T22:28:20.331000,290,Person,0.15000000596046448,605,111
719,2023-04-09T22:28:32.662000,291,Person,0.17000000178813934,605,112
720,2023-04-09T22:28:32.992000,291,Person,0.17000000178813934,605,112
721,2023-04-09T22:28:33.332000,291,Person,0.17000000178813934,605,112
722,2023-04-09T22:28:38.662000,292,Person,0.1599999964237213,605,111
723,2023-04-09T22:28:38.992000,292,Person,0.23000000417232513,604,111
724,2023-04-09T22:28:39.332000,292,Person,0.23000000417232513,604,111
725,2023-04-09T22:28:39.662000,292,Person,0.17000000178813934,605,111
726,2023-04-09T22:28:39.992000,292,Person,0.15000000596046448,604,111
727,2023-04-09T22:28:40.332000,292,Person,0.15000000596046448,604,111
728,2023-04-09T22:28:40.662000,292,Person,0.15000000596046448,604,111
729,2023-04-09T22:28:40.992000,292,Person,0.15000000596046448,604,111
730,2023-04-09T22:28:44.662000,293,Person,0.18000000715255737,604,111
731,2023-04-09T22:28:44.992000,293,Person,0.18000000715255737,604,111
732,2023-04-09T22:28:45.332000,293,Person,0.18000000715255737,604,111
733,2023-04-09T22:28:49.992000,294,Person,0.1599999964237213,605,112
734,2023-04-09T22:28:50.333000,294,Person,0.1599999964237213,605,112
735,2023-04-09T22:28:50.663000,294,Person,0.1599999964237213,605,112
736,2023-04-09T22:28:52.993000,295,Person,0.17000000178813934,604,111
737,2023-04-09T22:28:53.333000,295,Person,0.17000000178813934,604,111
738,2023-04-09T22:28:53.663000,295,Person,0.17000000178813934,605,112
739,2023-04-09T22:28:53.993000,295,Person,0.17000000178813934,605,112
740,2023-04-09T22:28:54.333000,295,Person,0.1899999976158142,605,111
741,2023-04-09T22:28:54.663000,295,Person,0.1899999976158142,605,111
742,2023-04-09T22:28:54.993000,295,Person,0.20000000298023224,605,112
743,2023-04-09T22:28:55.332000,295,Person,0.20000000298023224,605,112
744,2023-04-09T22:28:55.662000,295,Person,0.1899999976158142,605,112
745,2023-04-09T22:28:55.992000,295,Person,0.1899999976158142,605,112
746,2023-04-09T22:28:56.332000,295,Person,0.1899999976158142,605,111
747,2023-04-09T22:28:56.662000,295,Person,0.2199999988079071,604,111
748,2023-04-09T22:28:56.992000,295,Person,0.2199999988079071,604,111
749,2023-04-09T22:28:57.332000,295,Person,0.2199999988079071,604,111
750,2023-04-09T22:28:57.662000,295,Person,0.15000000596046448,604,111
751,2023-04-09T22:28:57.992000,295,Person,0.15000000596046448,604,111
752,2023-04-09T22:28:58.332000,295,Person,0.15000000596046448,604,111
753,2023-04-09T22:28:59.332000,296,Person,0.15000000596046448,604,111
754,2023-04-09T22:28:59.662000,296,Person,0.20999999344348907,605,111
755,2023-04-09T22:28:59.992000,296,Person,0.1899999976158142,604,112
756,2023-04-09T22:29:00.331000,296,Person,0.17000000178813934,604,111
757,2023-04-09T22:29:00.661000,296,Person,0.2800000011920929,605,111
758,2023-04-09T22:29:00.991000,296,Person,0.23000000417232513,604,111
759,2023-04-09T22:29:01.331000,296,Person,0.23999999463558197,605,111
760,2023-04-09T22:29:01.661000,296,Person,0.23999999463558197,605,111
761,2023-04-09T22:29:01.991000,296,Person,0.23999999463558197,605,111
762,2023-04-09T22:29:02.331000,296,Person,0.15000000596046448,605,111
763,2023-04-09T22:29:02.661000,296,Person,0.15000000596046448,605,111
764,2023-04-09T22:29:02.991000,296,Person,0.15000000596046448,605,111
765,2023-04-09T22:29:03.991000,297,Person,0.25,605,112
766,2023-04-09T22:29:04.331000,297,Person,0.25,605,112
767,2023-04-09T22:29:04.661000,297,Person,0.25,605,112
768,2023-04-09T22:29:05.662000,298,Person,0.1599999964237213,604,112
769,2023-04-09T22:29:05.992000,298,Person,0.1599999964237213,604,112
770,2023-04-09T22:29:06.332000,298,Person,0.1599999964237213,604,112
771,2023-04-09T22:29:08.992000,299,Person,0.18000000715255737,605,111
772,2023-04-09T22:29:09.332000,299,Person,0.18000000715255737,605,111
773,2023-04-09T22:29:09.662000,299,Person,0.25,605,111
774,2023-04-09T22:29:09.992000,299,Person,0.17000000178813934,604,112
775,2023-04-09T22:29:10.332000,299,Person,0.17000000178813934,604,112
776,2023-04-09T22:29:10.662000,299,Person,0.17000000178813934,604,112
777,2023-04-09T22:29:11.662000,300,Person,0.18000000715255737,604,111
778,2023-04-09T22:29:11.992000,300,Person,0.18000000715255737,604,111
779,2023-04-09T22:29:12.332000,300,Person,0.18000000715255737,604,111
780,2023-04-09T22:29:12.662000,300,Person,0.23999999463558197,605,113
781,2023-04-09T22:29:12.992000,300,Person,0.23999999463558197,605,113
782,2023-04-09T22:29:13.332000,300,Person,0.1599999964237213,604,112
783,2023-04-09T22:29:13.662000,300,Person,0.1599999964237213,604,112
784,2023-04-09T22:29:13.992000,300,Person,0.20999999344348907,605,112
785,2023-04-09T22:29:14.332000,300,Person,0.20999999344348907,605,112
786,2023-04-09T22:29:14.662000,300,Person,0.20999999344348907,605,112
787,2023-04-09T22:29:15.332000,300,Person,0.1599999964237213,605,112
788,2023-04-09T22:29:15.662000,300,Person,0.1599999964237213,605,112
789,2023-04-09T22:29:15.992000,300,Person,0.1599999964237213,605,112
790,2023-04-09T22:29:16.662000,300,Person,0.20000000298023224,605,112
791,2023-04-09T22:29:16.992000,300,Person,0.20000000298023224,605,112
792,2023-04-09T22:29:17.332000,300,Person,0.20000000298023224,605,112
793,2023-04-09T22:29:20.331000,301,Person,0.17000000178813934,604,111
794,2023-04-09T22:29:20.661000,301,Person,0.17000000178813934,604,111
795,2023-04-09T22:29:20.991000,301,Person,0.17000000178813934,605,112
796,2023-04-09T22:29:21.331000,301,Person,0.17000000178813934,605,112
797,2023-04-09T22:29:21.661000,301,Person,0.17000000178813934,605,112
798,2023-04-09T22:29:21.991000,301,Person,0.1899999976158142,605,112
799,2023-04-09T22:29:22.331000,301,Person,0.17000000178813934,605,112
800,2023-04-09T22:29:22.661000,301,Person,0.1599999964237213,605,112
801,2023-04-09T22:29:22.991000,301,Person,0.23000000417232513,605,112
802,2023-04-09T22:29:23.331000,301,Person,0.23000000417232513,605,112
803,2023-04-09T22:29:23.661000,301,Person,0.23000000417232513,605,112
804,2023-04-09T22:29:24.991000,302,Person,0.18000000715255737,605,111
805,2023-04-09T22:29:25.332000,302,Person,0.18000000715255737,605,112
806,2023-04-09T22:29:25.662000,302,Person,0.20000000298023224,605,112
807,2023-04-09T22:29:25.992000,302,Person,0.1599999964237213,605,112
808,2023-04-09T22:29:26.332000,302,Person,0.23999999463558197,605,112
809,2023-04-09T22:29:26.662000,302,Person,0.23999999463558197,605,112
810,2023-04-09T22:29:26.992000,302,Person,0.18000000715255737,605,112
811,2023-04-09T22:29:27.332000,302,Person,0.1599999964237213,605,112
812,2023-04-09T22:29:27.662000,302,Person,0.25999999046325684,605,111
813,2023-04-09T22:29:27.992000,302,Person,0.25999999046325684,605,111
814,2023-04-09T22:29:28.332000,302,Person,0.25999999046325684,605,111
815,2023-04-09T22:29:29.992000,303,Person,0.1599999964237213,604,112
816,2023-04-09T22:29:30.332000,303,Person,0.1599999964237213,604,112
817,2023-04-09T22:29:30.662000,303,Person,0.1599999964237213,604,112
818,2023-04-09T22:29:34.332000,304,Person,0.1599999964237213,604,111
819,2023-04-09T22:29:34.662000,304,Person,0.1599999964237213,604,111
820,2023-04-09T22:29:34.992000,304,Person,0.1599999964237213,604,111
821,2023-04-09T22:29:36.333000,305,Person,0.1899999976158142,605,111
822,2023-04-09T22:29:36.663000,305,Person,0.1899999976158142,605,111
823,2023-04-09T22:29:36.993000,305,Person,0.1899999976158142,605,111
824,2023-04-09T22:29:38.333000,306,Person,0.15000000596046448,604,111
825,2023-04-09T22:29:38.663000,306,Person,0.18000000715255737,605,111
826,2023-04-09T22:29:38.993000,306,Person,0.18000000715255737,605,111
827,2023-04-09T22:29:39.333000,306,Person,0.20000000298023224,604,111
828,2023-04-09T22:29:39.663000,306,Person,0.1599999964237213,605,111
829,2023-04-09T22:29:39.993000,306,Person,0.20000000298023224,604,111
830,2023-04-09T22:29:40.331000,306,Person,0.20000000298023224,604,111
831,2023-04-09T22:29:40.661000,306,Person,0.17000000178813934,605,111
832,2023-04-09T22:29:40.991000,306,Person,0.2199999988079071,604,111
833,2023-04-09T22:29:41.331000,306,Person,0.2199999988079071,604,111
834,2023-04-09T22:29:41.661000,306,Person,0.2199999988079071,604,111
835,2023-04-09T22:29:46.991000,307,Person,0.20000000298023224,605,111
836,2023-04-09T22:29:47.331000,307,Person,0.20999999344348907,604,111
837,2023-04-09T22:29:47.661000,307,Person,0.20999999344348907,604,111
838,2023-04-09T22:29:47.991000,307,Person,0.20999999344348907,604,111
839,2023-04-09T22:29:48.331000,307,Person,0.18000000715255737,604,111
840,2023-04-09T22:29:48.661000,307,Person,0.2199999988079071,604,111
841,2023-04-09T22:29:48.991000,307,Person,0.2199999988079071,604,111
842,2023-04-09T22:29:49.331000,307,Person,0.2199999988079071,604,111
843,2023-04-09T22:29:49.991000,307,Person,0.15000000596046448,604,110
844,2023-04-09T22:29:50.333000,307,Person,0.15000000596046448,604,110
845,2023-04-09T22:29:50.663000,307,Person,0.15000000596046448,604,110
846,2023-04-09T22:29:51.333000,307,Person,0.20999999344348907,605,112
847,2023-04-09T22:29:51.663000,307,Person,0.20999999344348907,605,112
848,2023-04-09T22:29:51.993000,307,Person,0.20999999344348907,605,112
849,2023-04-09T22:29:52.663000,307,Person,0.23999999463558197,605,111
850,2023-04-09T22:29:52.993000,307,Person,0.23999999463558197,605,111
851,2023-04-09T22:29:53.333000,307,Person,0.17000000178813934,605,111
852,2023-04-09T22:29:53.663000,307,Person,0.20000000298023224,605,112
853,2023-04-09T22:29:53.993000,307,Person,0.20000000298023224,605,112
854,2023-04-09T22:29:54.333000,307,Person,0.20000000298023224,605,112
855,2023-04-09T22:29:54.663000,307,Person,0.20000000298023224,605,112
856,2023-04-09T22:29:54.993000,307,Person,0.20000000298023224,605,112
857,2023-04-09T22:29:56.331000,308,Person,0.18000000715255737,605,112
858,2023-04-09T22:29:56.661000,308,Person,0.18000000715255737,605,112
859,2023-04-09T22:29:56.991000,308,Person,0.18000000715255737,605,112
860,2023-04-09T22:29:57.661000,308,Person,0.1899999976158142,605,111
861,2023-04-09T22:29:57.991000,308,Person,0.1899999976158142,605,111
862,2023-04-09T22:29:58.331000,308,Person,0.1899999976158142,605,111
863,2023-04-09T22:30:00.332000,309,Person,0.1599999964237213,604,111
864,2023-04-09T22:30:00.662000,309,Person,0.1599999964237213,604,111
865,2023-04-09T22:30:00.992000,309,Person,0.1599999964237213,604,111
866,2023-04-09T22:30:01.332000,309,Person,0.1599999964237213,605,111
867,2023-04-09T22:30:01.662000,309,Person,0.1599999964237213,605,111
868,2023-04-09T22:30:01.992000,309,Person,0.17000000178813934,604,111
869,2023-04-09T22:30:02.332000,309,Person,0.17000000178813934,604,111
870,2023-04-09T22:30:02.662000,309,Person,0.17000000178813934,604,111
871,2023-04-09T22:30:05.662000,310,Person,0.1899999976158142,604,111
872,2023-04-09T22:30:05.992000,310,Person,0.1899999976158142,604,111
873,2023-04-09T22:30:06.332000,310,Person,0.1899999976158142,604,111
874,2023-04-09T22:30:06.662000,310,Person,0.17000000178813934,604,112
875,2023-04-09T22:30:06.992000,310,Person,0.17000000178813934,604,112
876,2023-04-09T22:30:07.332000,310,Person,0.17000000178813934,604,112
877,2023-04-09T22:30:07.992000,310,Person,0.17000000178813934,605,113
878,2023-04-09T22:30:08.332000,310,Person,0.17000000178813934,605,113
879,2023-04-09T22:30:08.662000,310,Person,0.17000000178813934,605,113
880,2023-04-09T22:30:08.992000,310,Person,0.1899999976158142,605,112
881,2023-04-09T22:30:09.332000,310,Person,0.20000000298023224,605,112
882,2023-04-09T22:30:09.662000,310,Person,0.20000000298023224,605,112
883,2023-04-09T22:30:09.992000,310,Person,0.1599999964237213,605,112
884,2023-04-09T22:30:10.332000,310,Person,0.17000000178813934,604,111
885,2023-04-09T22:30:10.662000,310,Person,0.17000000178813934,604,111
886,2023-04-09T22:30:10.992000,310,Person,0.15000000596046448,604,111
887,2023-04-09T22:30:11.332000,310,Person,0.15000000596046448,604,111
888,2023-04-09T22:30:11.662000,310,Person,0.15000000596046448,604,111
889,2023-04-09T22:30:11.992000,310,Person,0.1599999964237213,604,111
890,2023-04-09T22:30:12.332000,310,Person,0.2199999988079071,604,112
891,2023-04-09T22:30:12.662000,310,Person,0.2199999988079071,604,112
892,2023-04-09T22:30:12.992000,310,Person,0.2199999988079071,604,112
893,2023-04-09T22:30:13.992000,311,Person,0.1599999964237213,604,111
894,2023-04-09T22:30:14.332000,311,Person,0.1599999964237213,604,111
895,2023-04-09T22:30:14.662000,311,Person,0.1899999976158142,605,111
896,2023-04-09T22:30:14.992000,311,Person,0.1899999976158142,605,111
897,2023-04-09T22:30:15.331000,311,Person,0.1899999976158142,605,111
898,2023-04-09T22:30:18.661000,312,Person,0.25999999046325684,605,111
899,2023-04-09T22:30:18.991000,312,Person,0.1599999964237213,605,111
900,2023-04-09T22:30:19.331000,312,Person,0.25999999046325684,604,111
901,2023-04-09T22:30:19.661000,312,Person,0.23000000417232513,604,111
902,2023-04-09T22:30:19.991000,312,Person,0.17000000178813934,604,112
903,2023-04-09T22:30:20.333000,312,Person,0.17000000178813934,604,112
904,2023-04-09T22:30:20.663000,312,Person,0.17000000178813934,604,112
905,2023-04-09T22:30:21.333000,312,Person,0.18000000715255737,604,111
906,2023-04-09T22:30:21.663000,312,Person,0.1599999964237213,605,111
907,2023-04-09T22:30:21.993000,312,Person,0.1599999964237213,605,111
908,2023-04-09T22:30:22.333000,312,Person,0.1599999964237213,605,111
909,2023-04-09T22:30:22.993000,312,Person,0.1899999976158142,604,111
910,2023-04-09T22:30:23.333000,312,Person,0.2199999988079071,604,111
911,2023-04-09T22:30:23.663000,312,Person,0.2199999988079071,604,111
912,2023-04-09T22:30:23.993000,312,Person,0.1599999964237213,604,111
913,2023-04-09T22:30:24.333000,312,Person,0.1599999964237213,604,111
914,2023-04-09T22:30:24.663000,312,Person,0.1599999964237213,604,112
915,2023-04-09T22:30:24.993000,312,Person,0.23000000417232513,604,112
916,2023-04-09T22:30:25.332000,312,Person,0.23000000417232513,604,112
917,2023-04-09T22:30:25.662000,312,Person,0.23000000417232513,604,112
918,2023-04-09T22:30:25.992000,312,Person,0.1599999964237213,604,111
919,2023-04-09T22:30:26.332000,312,Person,0.1599999964237213,604,111
920,2023-04-09T22:30:26.662000,312,Person,0.1599999964237213,604,111
921,2023-04-09T22:30:26.992000,312,Person,0.1599999964237213,604,111
922,2023-04-09T22:30:27.332000,312,Person,0.17000000178813934,604,111
923,2023-04-09T22:30:27.662000,312,Person,0.17000000178813934,604,111
924,2023-04-09T22:30:27.992000,312,Person,0.17000000178813934,604,111
925,2023-04-09T22:30:28.662000,312,Person,0.20000000298023224,605,111
926,2023-04-09T22:30:28.992000,312,Person,0.20000000298023224,605,111
927,2023-04-09T22:30:29.332000,312,Person,0.20000000298023224,605,111
928,2023-04-09T22:30:30.662000,313,Person,0.18000000715255737,604,112
929,2023-04-09T22:30:30.992000,313,Person,0.18000000715255737,604,112
930,2023-04-09T22:30:31.332000,313,Person,0.18000000715255737,604,112
931,2023-04-09T22:30:31.662000,313,Person,0.1599999964237213,605,112
932,2023-04-09T22:30:31.992000,313,Person,0.18000000715255737,605,111
933,2023-04-09T22:30:32.332000,313,Person,0.18000000715255737,605,111
934,2023-04-09T22:30:32.662000,313,Person,0.18000000715255737,605,111
935,2023-04-09T22:30:34.332000,314,Person,0.15000000596046448,604,111
936,2023-04-09T22:30:34.662000,314,Person,0.18000000715255737,605,111
937,2023-04-09T22:30:34.992000,314,Person,0.18000000715255737,605,111
938,2023-04-09T22:30:35.332000,314,Person,0.1599999964237213,604,112
939,2023-04-09T22:30:35.662000,314,Person,0.1599999964237213,604,112
940,2023-04-09T22:30:35.992000,314,Person,0.1599999964237213,604,112
941,2023-04-09T22:30:37.662000,315,Person,0.17000000178813934,604,111
942,2023-04-09T22:30:37.992000,315,Person,0.17000000178813934,604,111
943,2023-04-09T22:30:38.332000,315,Person,0.17000000178813934,604,111
944,2023-04-09T22:30:38.662000,315,Person,0.18000000715255737,605,111
945,2023-04-09T22:30:38.992000,315,Person,0.18000000715255737,605,111
946,2023-04-09T22:30:39.332000,315,Person,0.18000000715255737,604,112
947,2023-04-09T22:30:39.662000,315,Person,0.18000000715255737,604,112
948,2023-04-09T22:30:39.992000,315,Person,0.18000000715255737,604,112
949,2023-04-09T22:30:40.992000,316,Person,0.15000000596046448,604,111
950,2023-04-09T22:30:41.332000,316,Person,0.15000000596046448,604,111
951,2023-04-09T22:30:41.662000,316,Person,0.15000000596046448,604,111
952,2023-04-09T22:30:41.992000,316,Person,0.18000000715255737,604,111
953,2023-04-09T22:30:42.332000,316,Person,0.18000000715255737,604,112
954,2023-04-09T22:30:42.662000,316,Person,0.18000000715255737,605,112
955,2023-04-09T22:30:42.992000,316,Person,0.20000000298023224,604,112
956,2023-04-09T22:30:43.332000,316,Person,0.20000000298023224,604,112
957,2023-04-09T22:30:43.662000,316,Person,0.20000000298023224,604,112
958,2023-04-09T22:30:45.992000,317,Person,0.20000000298023224,605,111
959,2023-04-09T22:30:46.332000,317,Person,0.20000000298023224,605,111
960,2023-04-09T22:30:46.662000,317,Person,0.20000000298023224,605,111
961,2023-04-09T22:30:49.332000,318,Person,0.1899999976158142,605,111
962,2023-04-09T22:30:49.662000,318,Person,0.1899999976158142,605,111
963,2023-04-09T22:30:49.992000,318,Person,0.1899999976158142,605,111
964,2023-04-09T22:30:54.661000,319,Person,0.20000000298023224,605,111
965,2023-04-09T22:30:54.991000,319,Person,0.20000000298023224,605,111
966,2023-04-09T22:30:55.332000,319,Person,0.20000000298023224,605,111
967,2023-04-09T22:30:57.662000,320,Person,0.1599999964237213,605,111
968,2023-04-09T22:30:57.992000,320,Person,0.1599999964237213,605,111
969,2023-04-09T22:30:58.332000,320,Person,0.1599999964237213,605,111
970,2023-04-09T22:30:59.662000,321,Person,0.1599999964237213,604,111
971,2023-04-09T22:30:59.992000,321,Person,0.1599999964237213,604,111
972,2023-04-09T22:31:00.331000,321,Person,0.23000000417232513,605,112
973,2023-04-09T22:31:00.661000,321,Person,0.23000000417232513,605,112
974,2023-04-09T22:31:00.991000,321,Person,0.23000000417232513,605,112
975,2023-04-09T22:31:07.992000,322,Person,0.1599999964237213,605,111
976,2023-04-09T22:31:08.332000,322,Person,0.17000000178813934,604,111
977,2023-04-09T22:31:08.662000,322,Person,0.17000000178813934,604,111
978,2023-04-09T22:31:08.992000,322,Person,0.17000000178813934,605,111
979,2023-04-09T22:31:09.332000,322,Person,0.17000000178813934,605,111
980,2023-04-09T22:31:09.662000,322,Person,0.17000000178813934,605,111
981,2023-04-09T22:31:17.662000,323,Person,0.17000000178813934,604,112
982,2023-04-09T22:31:17.992000,323,Person,0.17000000178813934,604,112
983,2023-04-09T22:31:18.332000,323,Person,0.17000000178813934,604,112
984,2023-04-09T22:31:18.992000,323,Person,0.17000000178813934,605,112
985,2023-04-09T22:31:19.332000,323,Person,0.17000000178813934,605,112
986,2023-04-09T22:31:19.662000,323,Person,0.17000000178813934,605,112
987,2023-04-09T22:31:23.976000,324,Person,0.17000000178813934,605,111
988,2023-04-09T22:31:24.316000,324,Person,0.17000000178813934,605,111
989,2023-04-09T22:31:24.646000,324,Person,0.17000000178813934,605,111
990,2023-04-09T22:31:29.647000,325,Person,0.23000000417232513,605,111
991,2023-04-09T22:31:29.977000,325,Person,0.1899999976158142,605,112
992,2023-04-09T22:31:30.317000,325,Person,0.1899999976158142,605,112
993,2023-04-09T22:31:30.647000,325,Person,0.1899999976158142,605,112
994,2023-04-09T22:31:38.318000,326,Person,0.1599999964237213,605,112
995,2023-04-09T22:31:38.648000,326,Person,0.1599999964237213,605,112
996,2023-04-09T22:31:38.978000,326,Person,0.1599999964237213,605,112
997,2023-04-09T22:31:39.648000,326,Person,0.20000000298023224,605,112
998,2023-04-09T22:31:39.978000,326,Person,0.20000000298023224,605,112
999,2023-04-09T22:31:40.317000,326,Person,0.18000000715255737,605,111
1000,2023-04-09T22:31:40.647000,326,Person,0.18000000715255737,605,111
1001,2023-04-09T22:31:40.977000,326,Person,0.18000000715255737,605,111
1002,2023-04-09T22:31:57.647000,327,Person,0.1599999964237213,604,112
1003,2023-04-09T22:31:57.977000,327,Person,0.1599999964237213,604,112
1004,2023-04-09T22:31:58.317000,327,Person,0.18000000715255737,605,111
1005,2023-04-09T22:31:58.647000,327,Person,0.18000000715255737,605,111
1006,2023-04-09T22:31:58.977000,327,Person,0.18000000715255737,605,111
1007,2023-04-09T22:32:03.646000,328,Person,0.1599999964237213,605,111
1008,2023-04-09T22:32:03.976000,328,Person,0.1599999964237213,605,111
1009,2023-04-09T22:32:04.316000,328,Person,0.1599999964237213,605,111
1010,2023-04-09T22:32:04.976000,328,Person,0.17000000178813934,604,112
1011,2023-04-09T22:32:05.317000,328,Person,0.17000000178813934,604,112
1012,2023-04-09T22:32:05.647000,328,Person,0.17000000178813934,604,112
1013,2023-04-09T22:32:11.977000,329,Person,0.17000000178813934,605,112
1014,2023-04-09T22:32:12.317000,329,Person,0.17000000178813934,605,112
1015,2023-04-09T22:32:12.647000,329,Person,0.17000000178813934,605,112
1016,2023-04-09T22:32:17.647000,330,Person,0.1599999964237213,605,112
1017,2023-04-09T22:32:17.977000,330,Person,0.1599999964237213,605,112
1018,2023-04-09T22:32:18.317000,330,Person,0.1599999964237213,605,112
1019,2023-04-09T22:32:20.646000,331,Person,0.18000000715255737,604,111
1020,2023-04-09T22:32:20.976000,331,Person,0.18000000715255737,604,111
1021,2023-04-09T22:32:21.316000,331,Person,0.18000000715255737,604,111
1022,2023-04-09T22:32:23.316000,332,Person,0.18000000715255737,605,111
1023,2023-04-09T22:32:23.646000,332,Person,0.18000000715255737,605,111
1024,2023-04-09T22:32:23.976000,332,Person,0.17000000178813934,604,112
1025,2023-04-09T22:32:24.316000,332,Person,0.17000000178813934,604,112
1026,2023-04-09T22:32:24.646000,332,Person,0.17000000178813934,604,112
1027,2023-04-09T22:32:39.977000,333,Person,0.1899999976158142,604,111
1028,2023-04-09T22:32:40.316000,333,Person,0.1899999976158142,604,111
1029,2023-04-09T22:32:40.646000,333,Person,0.1899999976158142,604,111
1030,2023-04-09T22:32:41.646000,334,Person,0.17000000178813934,605,111
1031,2023-04-09T22:32:41.976000,334,Person,0.17000000178813934,605,111
1032,2023-04-09T22:32:42.316000,334,Person,0.17000000178813934,605,111
1033,2023-04-09T22:32:47.977000,335,Person,0.18000000715255737,605,112
1034,2023-04-09T22:32:48.317000,335,Person,0.18000000715255737,605,112
1035,2023-04-09T22:32:48.647000,335,Person,0.18000000715255737,605,112
1036,2023-04-09T22:32:50.647000,336,Person,0.20000000298023224,605,111
1037,2023-04-09T22:32:50.977000,336,Person,0.20000000298023224,605,111
1038,2023-04-09T22:32:51.317000,336,Person,0.20000000298023224,605,111
1039,2023-04-09T22:32:53.977000,337,Person,0.20000000298023224,604,111
1040,2023-04-09T22:32:54.317000,337,Person,0.20000000298023224,604,111
1041,2023-04-09T22:32:54.647000,337,Person,0.20000000298023224,604,111
1042,2023-04-09T22:33:00.976000,338,Person,0.20000000298023224,604,111
1043,2023-04-09T22:33:01.316000,338,Person,0.18000000715255737,605,112
1044,2023-04-09T22:33:01.646000,338,Person,0.18000000715255737,605,112
1045,2023-04-09T22:33:01.976000,338,Person,0.18000000715255737,605,112
1046,2023-04-09T22:33:06.317000,339,Person,0.1599999964237213,605,111
1047,2023-04-09T22:33:06.647000,339,Person,0.1599999964237213,605,111
1048,2023-04-09T22:33:06.977000,339,Person,0.1599999964237213,605,111
1049,2023-04-09T22:33:08.647000,340,Person,0.18000000715255737,605,112
1050,2023-04-09T22:33:08.977000,340,Person,0.18000000715255737,605,112
1051,2023-04-09T22:33:09.317000,340,Person,0.18000000715255737,605,112
1052,2023-04-09T22:33:11.976000,341,Person,0.17000000178813934,604,111
1053,2023-04-09T22:33:12.316000,341,Person,0.17000000178813934,604,111
1054,2023-04-09T22:33:12.646000,341,Person,0.17000000178813934,604,111
1055,2023-04-09T22:33:14.316000,342,Person,0.17000000178813934,604,112
1056,2023-04-09T22:33:14.646000,342,Person,0.17000000178813934,604,112
1057,2023-04-09T22:33:14.976000,342,Person,0.17000000178813934,604,112
1058,2023-04-09T22:33:19.317000,343,Person,0.15000000596046448,605,111
1059,2023-04-09T22:33:19.647000,343,Person,0.15000000596046448,605,111
1060,2023-04-09T22:33:19.977000,343,Person,0.15000000596046448,605,111
1061,2023-04-09T22:33:22.316000,344,Person,0.17000000178813934,604,111
1062,2023-04-09T22:33:22.646000,344,Person,0.17000000178813934,604,111
1063,2023-04-09T22:33:22.976000,344,Person,0.17000000178813934,604,111
1064,2023-04-09T22:33:24.316000,345,Person,0.1899999976158142,604,112
1065,2023-04-09T22:33:24.646000,345,Person,0.1899999976158142,604,112
1066,2023-04-09T22:33:24.976000,345,Person,0.1899999976158142,604,112
1067,2023-04-09T22:33:27.646000,346,Person,0.15000000596046448,604,111
1068,2023-04-09T22:33:27.976000,346,Person,0.15000000596046448,604,111
1069,2023-04-09T22:33:28.316000,346,Person,0.15000000596046448,604,111
1070,2023-04-09T22:33:29.646000,347,Person,0.1599999964237213,605,111
1071,2023-04-09T22:33:29.976000,347,Person,0.1599999964237213,605,111
1072,2023-04-09T22:33:30.318000,347,Person,0.1599999964237213,605,111
1073,2023-04-09T22:33:30.978000,347,Person,0.1599999964237213,605,111
1074,2023-04-09T22:33:31.318000,347,Person,0.1599999964237213,605,111
1075,2023-04-09T22:33:31.648000,347,Person,0.1599999964237213,605,111
1076,2023-04-09T22:33:32.318000,347,Person,0.18000000715255737,605,111
1077,2023-04-09T22:33:32.648000,347,Person,0.18000000715255737,605,111
1078,2023-04-09T22:33:32.978000,347,Person,0.18000000715255737,605,111
1079,2023-04-09T22:33:33.648000,347,Person,0.1599999964237213,604,112
1080,2023-04-09T22:33:33.978000,347,Person,0.1599999964237213,604,112
1081,2023-04-09T22:33:34.318000,347,Person,0.1599999964237213,604,112
1082,2023-04-09T22:33:35.977000,348,Person,0.1599999964237213,605,112
1083,2023-04-09T22:33:36.317000,348,Person,0.1599999964237213,605,112
1084,2023-04-09T22:33:36.647000,348,Person,0.1599999964237213,605,112
1085,2023-04-09T22:33:37.647000,349,Person,0.17000000178813934,605,111
1086,2023-04-09T22:33:37.977000,349,Person,0.17000000178813934,605,111
1087,2023-04-09T22:33:38.317000,349,Person,0.17000000178813934,605,111
1088,2023-04-09T22:33:45.648000,350,Person,0.1599999964237213,605,112
1089,2023-04-09T22:33:45.978000,350,Person,0.1599999964237213,605,112
1090,2023-04-09T22:33:46.318000,350,Person,0.18000000715255737,605,112
1091,2023-04-09T22:33:46.648000,350,Person,0.18000000715255737,605,112
1092,2023-04-09T22:33:46.978000,350,Person,0.18000000715255737,605,112
1093,2023-04-09T22:33:55.317000,351,Person,0.20000000298023224,604,112
1094,2023-04-09T22:33:55.647000,351,Person,0.20000000298023224,604,112
1095,2023-04-09T22:33:55.977000,351,Person,0.20000000298023224,604,112
1096,2023-04-09T22:33:57.647000,352,Person,0.17000000178813934,605,112
1097,2023-04-09T22:33:57.977000,352,Person,0.17000000178813934,605,112
1098,2023-04-09T22:33:58.317000,352,Person,0.17000000178813934,605,112
1099,2023-04-09T22:33:58.647000,352,Person,0.23000000417232513,605,112
1100,2023-04-09T22:33:58.977000,352,Person,0.15000000596046448,605,111
1101,2023-04-09T22:33:59.317000,352,Person,0.15000000596046448,605,111
1102,2023-04-09T22:33:59.647000,352,Person,0.1599999964237213,605,111
1103,2023-04-09T22:33:59.977000,352,Person,0.1599999964237213,605,111
1104,2023-04-09T22:34:00.316000,352,Person,0.1599999964237213,605,111
1105,2023-04-09T22:34:03.976000,353,Person,0.1599999964237213,605,111
1106,2023-04-09T22:34:04.316000,353,Person,0.1599999964237213,605,111
1107,2023-04-09T22:34:04.646000,353,Person,0.1599999964237213,605,111
1108,2023-04-09T22:34:08.317000,354,Person,0.15000000596046448,604,112
1109,2023-04-09T22:34:08.647000,354,Person,0.15000000596046448,604,112
1110,2023-04-09T22:34:08.977000,354,Person,0.15000000596046448,604,112
1111,2023-04-09T22:34:18.978000,355,Person,0.15000000596046448,605,111
1112,2023-04-09T22:34:19.318000,355,Person,0.15000000596046448,605,111
1113,2023-04-09T22:34:19.648000,355,Person,0.15000000596046448,605,111
1114,2023-04-09T22:34:29.647000,356,Person,0.15000000596046448,604,112
1115,2023-04-09T22:34:29.977000,356,Person,0.15000000596046448,604,112
1116,2023-04-09T22:34:30.316000,356,Person,0.15000000596046448,604,112
1117,2023-04-09T22:34:33.646000,357,Person,0.1599999964237213,604,111
1118,2023-04-09T22:34:33.976000,357,Person,0.17000000178813934,604,111
1119,2023-04-09T22:34:34.316000,357,Person,0.17000000178813934,604,111
1120,2023-04-09T22:34:34.646000,357,Person,0.17000000178813934,604,111
1121,2023-04-09T22:34:37.977000,358,Person,0.2199999988079071,605,111
1122,2023-04-09T22:34:38.317000,358,Person,0.2199999988079071,605,111
1123,2023-04-09T22:34:38.647000,358,Person,0.20999999344348907,605,111
1124,2023-04-09T22:34:38.977000,358,Person,0.20999999344348907,605,111
1125,2023-04-09T22:34:39.317000,358,Person,0.20000000298023224,605,111
1126,2023-04-09T22:34:39.647000,358,Person,0.17000000178813934,605,111
1127,2023-04-09T22:34:39.977000,358,Person,0.17000000178813934,605,111
1128,2023-04-09T22:34:40.316000,358,Person,0.1599999964237213,605,111
1129,2023-04-09T22:34:40.646000,358,Person,0.1599999964237213,605,111
1130,2023-04-09T22:34:40.976000,358,Person,0.1599999964237213,605,111
1131,2023-04-09T22:34:42.646000,359,Person,0.1599999964237213,604,112
1132,2023-04-09T22:34:42.976000,359,Person,0.1599999964237213,604,112
1133,2023-04-09T22:34:43.316000,359,Person,0.1599999964237213,604,112
1134,2023-04-09T22:34:47.317000,360,Person,0.15000000596046448,605,111
1135,2023-04-09T22:34:47.647000,360,Person,0.15000000596046448,605,111
1136,2023-04-09T22:34:47.977000,360,Person,0.15000000596046448,605,111
1137,2023-04-09T22:34:50.317000,361,Person,0.20000000298023224,604,111
1138,2023-04-09T22:34:50.647000,361,Person,0.20000000298023224,604,111
1139,2023-04-09T22:34:50.977000,361,Person,0.20000000298023224,604,111
1140,2023-04-09T22:34:54.977000,362,Person,0.17000000178813934,604,112
1141,2023-04-09T22:34:55.316000,362,Person,0.17000000178813934,604,112
1142,2023-04-09T22:34:55.646000,362,Person,0.17000000178813934,604,112
1143,2023-04-09T22:34:55.976000,362,Person,0.17000000178813934,604,111
1144,2023-04-09T22:34:56.316000,362,Person,0.17000000178813934,604,111
1145,2023-04-09T22:34:56.646000,362,Person,0.15000000596046448,604,111
1146,2023-04-09T22:34:56.976000,362,Person,0.15000000596046448,604,111
1147,2023-04-09T22:34:57.316000,362,Person,0.15000000596046448,604,111
1148,2023-04-09T22:34:57.646000,362,Person,0.1899999976158142,605,111
1149,2023-04-09T22:34:57.976000,362,Person,0.2800000011920929,605,111
1150,2023-04-09T22:34:58.316000,362,Person,0.2800000011920929,605,111
1151,2023-04-09T22:34:58.646000,362,Person,0.2800000011920929,605,111
1152,2023-04-09T22:34:58.976000,362,Person,0.1599999964237213,605,110
1153,2023-04-09T22:34:59.316000,362,Person,0.1599999964237213,605,110
1154,2023-04-09T22:34:59.646000,362,Person,0.1599999964237213,605,110
1155,2023-04-09T22:35:01.977000,363,Person,0.1599999964237213,604,111
1156,2023-04-09T22:35:02.317000,363,Person,0.1599999964237213,604,111
1157,2023-04-09T22:35:02.647000,363,Person,0.1599999964237213,604,111
1158,2023-04-09T22:35:07.648000,364,Person,0.17000000178813934,605,111
1159,2023-04-09T22:35:07.978000,364,Person,0.17000000178813934,605,111
1160,2023-04-09T22:35:08.318000,364,Person,0.15000000596046448,605,112
1161,2023-04-09T22:35:08.648000,364,Person,0.1599999964237213,605,111
1162,2023-04-09T22:35:08.978000,364,Person,0.1599999964237213,605,112
1163,2023-04-09T22:35:09.318000,364,Person,0.1599999964237213,605,112
1164,2023-04-09T22:35:09.648000,364,Person,0.1599999964237213,605,112
1165,2023-04-09T22:35:12.316000,365,Person,0.1899999976158142,604,112
1166,2023-04-09T22:35:12.646000,365,Person,0.1899999976158142,604,112
1167,2023-04-09T22:35:12.976000,365,Person,0.1899999976158142,604,112
1168,2023-04-09T22:35:19.977000,366,Person,0.1899999976158142,604,111
1169,2023-04-09T22:35:20.317000,366,Person,0.1899999976158142,604,111
1170,2023-04-09T22:35:20.647000,366,Person,0.1899999976158142,604,111
1171,2023-04-09T22:35:20.977000,366,Person,0.1899999976158142,604,111
1172,2023-04-09T22:35:21.317000,366,Person,0.1899999976158142,604,111
1173,2023-04-09T22:35:21.647000,366,Person,0.1899999976158142,604,111
1174,2023-04-09T22:35:25.977000,367,Person,0.1599999964237213,605,112
1175,2023-04-09T22:35:26.317000,367,Person,0.1599999964237213,605,112
1176,2023-04-09T22:35:26.647000,367,Person,0.1599999964237213,605,112
1177,2023-04-09T22:35:28.977000,368,Person,0.20000000298023224,604,111
1178,2023-04-09T22:35:29.317000,368,Person,0.17000000178813934,605,111
1179,2023-04-09T22:35:29.647000,368,Person,0.17000000178813934,605,111
1180,2023-04-09T22:35:29.977000,368,Person,0.17000000178813934,605,111
1181,2023-04-09T22:35:31.316000,369,Person,0.15000000596046448,604,112
1182,2023-04-09T22:35:31.646000,369,Person,0.15000000596046448,604,112
1183,2023-04-09T22:35:31.976000,369,Person,0.15000000596046448,604,112
1184,2023-04-09T22:35:41.976000,370,Person,0.15000000596046448,604,111
1185,2023-04-09T22:35:42.316000,370,Person,0.15000000596046448,604,111
1186,2023-04-09T22:35:42.646000,370,Person,0.15000000596046448,604,111
1187,2023-04-09T22:35:44.646000,371,Person,0.18000000715255737,605,112
1188,2023-04-09T22:35:44.976000,371,Person,0.18000000715255737,605,112
1189,2023-04-09T22:35:45.318000,371,Person,0.18000000715255737,605,112
1190,2023-04-09T22:35:45.978000,371,Person,0.18000000715255737,604,111
1191,2023-04-09T22:35:46.318000,371,Person,0.18000000715255737,604,111
1192,2023-04-09T22:35:46.648000,371,Person,0.18000000715255737,604,111
1193,2023-04-09T22:35:47.978000,372,Person,0.20000000298023224,605,112
1194,2023-04-09T22:35:48.318000,372,Person,0.1599999964237213,604,112
1195,2023-04-09T22:35:48.648000,372,Person,0.1599999964237213,604,112
1196,2023-04-09T22:35:48.978000,372,Person,0.15000000596046448,604,111
1197,2023-04-09T22:35:49.318000,372,Person,0.15000000596046448,604,111
1198,2023-04-09T22:35:49.648000,372,Person,0.15000000596046448,604,111
1199,2023-04-09T22:35:54.646000,373,Person,0.1599999964237213,604,111
1200,2023-04-09T22:35:54.976000,373,Person,0.1599999964237213,604,111
1201,2023-04-09T22:35:55.316000,373,Person,0.1599999964237213,604,111
1202,2023-04-09T22:36:07.647000,374,Person,0.18000000715255737,605,112
1203,2023-04-09T22:36:07.977000,374,Person,0.15000000596046448,605,112
1204,2023-04-09T22:36:08.317000,374,Person,0.15000000596046448,605,112
1205,2023-04-09T22:36:08.647000,374,Person,0.15000000596046448,605,112
1206,2023-04-09T22:36:09.647000,375,Person,0.1599999964237213,604,111
1207,2023-04-09T22:36:09.977000,375,Person,0.1599999964237213,604,111
1208,2023-04-09T22:36:10.317000,375,Person,0.1599999964237213,604,111
1209,2023-04-09T22:36:22.330000,376,Person,0.1599999964237213,605,111
1210,2023-04-09T22:36:22.660000,376,Person,0.1599999964237213,605,111
1211,2023-04-09T22:36:22.990000,376,Person,0.1599999964237213,605,111
1212,2023-04-09T22:36:23.330000,376,Person,0.17000000178813934,605,111
1213,2023-04-09T22:36:23.660000,376,Person,0.17000000178813934,605,111
1214,2023-04-09T22:36:23.990000,376,Person,0.17000000178813934,605,111
1215,2023-04-09T22:36:40.989000,377,Person,0.17000000178813934,605,111
1216,2023-04-09T22:36:41.329000,377,Person,0.17000000178813934,605,111
1217,2023-04-09T22:36:41.659000,377,Person,0.17000000178813934,605,111
1218,2023-04-09T22:36:44.329000,378,Person,0.1599999964237213,605,112
1219,2023-04-09T22:36:44.659000,378,Person,0.1599999964237213,605,112
1220,2023-04-09T22:36:44.989000,378,Person,0.1599999964237213,605,112
1221,2023-04-09T22:36:47.331000,379,Person,0.1899999976158142,605,111
1222,2023-04-09T22:36:47.661000,379,Person,0.1899999976158142,605,111
1223,2023-04-09T22:36:47.991000,379,Person,0.1899999976158142,605,111
1224,2023-04-09T22:36:50.331000,380,Person,0.15000000596046448,604,111
1225,2023-04-09T22:36:50.661000,380,Person,0.15000000596046448,604,111
1226,2023-04-09T22:36:50.991000,380,Person,0.15000000596046448,604,111
1227,2023-04-09T22:36:54.991000,381,Person,0.15000000596046448,605,111
1228,2023-04-09T22:36:55.331000,381,Person,0.15000000596046448,605,111
1229,2023-04-09T22:36:55.661000,381,Person,0.15000000596046448,605,111
1230,2023-04-09T22:36:56.661000,382,Person,0.1599999964237213,604,111
1231,2023-04-09T22:36:56.991000,382,Person,0.15000000596046448,605,111
1232,2023-04-09T22:36:57.331000,382,Person,0.15000000596046448,605,111
1233,2023-04-09T22:36:57.661000,382,Person,0.15000000596046448,605,111
1234,2023-04-09T22:37:03.660000,383,Person,0.1599999964237213,604,111
1235,2023-04-09T22:37:03.990000,383,Person,0.1599999964237213,604,111
1236,2023-04-09T22:37:04.330000,383,Person,0.1599999964237213,605,110
1237,2023-04-09T22:37:04.660000,383,Person,0.1599999964237213,605,110
1238,2023-04-09T22:37:04.990000,383,Person,0.1599999964237213,605,110
1239,2023-04-09T22:37:06.330000,384,Person,0.18000000715255737,605,111
1240,2023-04-09T22:37:06.660000,384,Person,0.18000000715255737,605,111
1241,2023-04-09T22:37:06.990000,384,Person,0.18000000715255737,605,111
1242,2023-04-09T22:37:07.660000,384,Person,0.20000000298023224,605,111
1243,2023-04-09T22:37:07.990000,384,Person,0.17000000178813934,604,111
1244,2023-04-09T22:37:08.330000,384,Person,0.17000000178813934,604,111
1245,2023-04-09T22:37:08.660000,384,Person,0.17000000178813934,604,111
1246,2023-04-09T22:37:11.990000,385,Person,0.1599999964237213,604,111
1247,2023-04-09T22:37:12.330000,385,Person,0.1599999964237213,604,111
1248,2023-04-09T22:37:12.660000,385,Person,0.1599999964237213,604,111
1249,2023-04-09T22:37:13.660000,386,Person,0.18000000715255737,605,112
1250,2023-04-09T22:37:13.990000,386,Person,0.18000000715255737,605,112
1251,2023-04-09T22:37:14.330000,386,Person,0.18000000715255737,605,112
1252,2023-04-09T22:37:14.990000,386,Person,0.23000000417232513,605,112
1253,2023-04-09T22:37:15.331000,386,Person,0.1599999964237213,604,112
1254,2023-04-09T22:37:15.661000,386,Person,0.1599999964237213,604,112
1255,2023-04-09T22:37:15.991000,386,Person,0.1599999964237213,604,112
1256,2023-04-09T22:37:19.991000,387,Person,0.18000000715255737,604,111
1257,2023-04-09T22:37:20.330000,387,Person,0.18000000715255737,604,111
1258,2023-04-09T22:37:20.660000,387,Person,0.18000000715255737,604,111
1259,2023-04-09T22:37:24.660000,388,Person,0.17000000178813934,604,111
1260,2023-04-09T22:37:24.990000,388,Person,0.17000000178813934,604,111
1261,2023-04-09T22:37:25.331000,388,Person,0.17000000178813934,604,111
1262,2023-04-09T22:37:27.661000,389,Person,0.1599999964237213,604,112
1263,2023-04-09T22:37:27.991000,389,Person,0.1599999964237213,604,112
1264,2023-04-09T22:37:28.331000,389,Person,0.1599999964237213,604,112
1265,2023-04-09T22:37:32.660000,390,Person,0.17000000178813934,605,111
1266,2023-04-09T22:37:32.990000,390,Person,0.17000000178813934,605,111
1267,2023-04-09T22:37:33.330000,390,Person,0.17000000178813934,605,111
1268,2023-04-09T22:37:42.661000,391,Person,0.1599999964237213,605,112
1269,2023-04-09T22:37:42.991000,391,Person,0.1599999964237213,605,112
1270,2023-04-09T22:37:43.331000,391,Person,0.1599999964237213,605,112
1271,2023-04-09T22:37:44.331000,392,Person,0.2199999988079071,605,110
1272,2023-04-09T22:37:44.661000,392,Person,0.2199999988079071,605,110
1273,2023-04-09T22:37:44.991000,392,Person,0.25,604,111
1274,2023-04-09T22:37:45.331000,392,Person,0.25,604,111
1275,2023-04-09T22:37:45.661000,392,Person,0.1599999964237213,605,111
1276,2023-04-09T22:37:45.991000,392,Person,0.1599999964237213,605,111
1277,2023-04-09T22:37:46.331000,392,Person,0.1599999964237213,605,111
1278,2023-04-09T22:37:46.661000,392,Person,0.1599999964237213,605,111
1279,2023-04-09T22:37:49.661000,393,Person,0.1599999964237213,604,111
1280,2023-04-09T22:37:49.991000,393,Person,0.20000000298023224,604,111
1281,2023-04-09T22:37:50.331000,393,Person,0.1599999964237213,604,111
1282,2023-04-09T22:37:50.661000,393,Person,0.1599999964237213,604,111
1283,2023-04-09T22:37:50.991000,393,Person,0.1599999964237213,604,111
1284,2023-04-09T22:37:51.661000,393,Person,0.15000000596046448,604,111
1285,2023-04-09T22:37:51.991000,393,Person,0.15000000596046448,604,111
1286,2023-04-09T22:37:52.331000,393,Person,0.15000000596046448,604,111
1287,2023-04-09T22:37:54.331000,394,Person,0.1599999964237213,604,112
1288,2023-04-09T22:37:54.661000,394,Person,0.1599999964237213,604,112
1289,2023-04-09T22:37:54.991000,394,Person,0.1599999964237213,604,112
1290,2023-04-09T22:37:57.661000,395,Person,0.15000000596046448,604,112
1291,2023-04-09T22:37:57.991000,395,Person,0.15000000596046448,604,112
1292,2023-04-09T22:37:58.331000,395,Person,0.15000000596046448,604,112
1293,2023-04-09T22:38:00.330000,396,Person,0.15000000596046448,605,111
1294,2023-04-09T22:38:00.660000,396,Person,0.15000000596046448,605,111
1295,2023-04-09T22:38:00.990000,396,Person,0.15000000596046448,605,111
1296,2023-04-09T22:38:04.330000,397,Person,0.1599999964237213,605,112
1297,2023-04-09T22:38:04.660000,397,Person,0.1599999964237213,605,112
1298,2023-04-09T22:38:04.990000,397,Person,0.1599999964237213,605,112
1299,2023-04-09T22:38:11.991000,398,Person,0.1599999964237213,605,111
1300,2023-04-09T22:38:12.331000,398,Person,0.1599999964237213,605,111
1301,2023-04-09T22:38:12.661000,398,Person,0.1599999964237213,605,111
1302,2023-04-09T22:38:13.661000,399,Person,0.15000000596046448,605,111
1303,2023-04-09T22:38:13.991000,399,Person,0.15000000596046448,605,111
1304,2023-04-09T22:38:14.331000,399,Person,0.15000000596046448,605,111
1305,2023-04-09T22:38:19.991000,400,Person,0.1599999964237213,605,112
1306,2023-04-09T22:38:20.331000,400,Person,0.1599999964237213,605,112
1307,2023-04-09T22:38:20.661000,400,Person,0.1599999964237213,605,112
1308,2023-04-09T22:38:25.661000,401,Person,0.17000000178813934,604,112
1309,2023-04-09T22:38:25.991000,401,Person,0.20000000298023224,605,111
1310,2023-04-09T22:38:26.331000,401,Person,0.20000000298023224,605,111
1311,2023-04-09T22:38:26.661000,401,Person,0.20000000298023224,605,111
1312,2023-04-09T22:38:29.991000,402,Person,0.1599999964237213,605,111
1313,2023-04-09T22:38:30.330000,402,Person,0.1599999964237213,605,111
1314,2023-04-09T22:38:30.660000,402,Person,0.1599999964237213,605,111
1315,2023-04-09T22:38:31.330000,402,Person,0.1899999976158142,604,111
1316,2023-04-09T22:38:31.660000,402,Person,0.1899999976158142,604,111
1317,2023-04-09T22:38:31.990000,402,Person,0.1899999976158142,604,111
1318,2023-04-09T22:38:43.660000,403,Person,0.17000000178813934,605,111
1319,2023-04-09T22:38:43.990000,403,Person,0.1599999964237213,605,111
1320,2023-04-09T22:38:44.330000,403,Person,0.1899999976158142,605,112
1321,2023-04-09T22:38:44.660000,403,Person,0.1899999976158142,605,112
1322,2023-04-09T22:38:44.990000,403,Person,0.1599999964237213,604,110
1323,2023-04-09T22:38:45.332000,403,Person,0.1599999964237213,604,110
1324,2023-04-09T22:38:45.662000,403,Person,0.1599999964237213,604,110
1325,2023-04-09T22:38:47.332000,404,Person,0.15000000596046448,604,111
1326,2023-04-09T22:38:47.662000,404,Person,0.15000000596046448,604,111
1327,2023-04-09T22:38:47.992000,404,Person,0.15000000596046448,604,111
1328,2023-04-09T22:38:51.330000,405,Person,0.15000000596046448,604,111
1329,2023-04-09T22:38:51.660000,405,Person,0.17000000178813934,604,111
1330,2023-04-09T22:38:51.990000,405,Person,0.17000000178813934,604,111
1331,2023-04-09T22:38:52.330000,405,Person,0.15000000596046448,604,111
1332,2023-04-09T22:38:52.660000,405,Person,0.15000000596046448,604,111
1333,2023-04-09T22:38:52.990000,405,Person,0.15000000596046448,604,111
1334,2023-04-09T22:38:56.330000,406,Person,0.15000000596046448,604,112
1335,2023-04-09T22:38:56.660000,406,Person,0.15000000596046448,604,112
1336,2023-04-09T22:38:56.990000,406,Person,0.15000000596046448,604,112
1337,2023-04-09T22:39:04.330000,407,Person,0.1599999964237213,605,112
1338,2023-04-09T22:39:04.660000,407,Person,0.1599999964237213,605,112
1339,2023-04-09T22:39:04.990000,407,Person,0.1599999964237213,605,111
1340,2023-04-09T22:39:05.331000,407,Person,0.1599999964237213,605,111
1341,2023-04-09T22:39:05.661000,407,Person,0.1599999964237213,605,111
1342,2023-04-09T22:39:11.660000,408,Person,0.15000000596046448,605,111
1343,2023-04-09T22:39:11.990000,408,Person,0.15000000596046448,605,111
1344,2023-04-09T22:39:12.330000,408,Person,0.15000000596046448,605,111
1345,2023-04-09T22:39:14.990000,409,Person,0.1599999964237213,605,111
1346,2023-04-09T22:39:15.331000,409,Person,0.1599999964237213,605,111
1347,2023-04-09T22:39:15.661000,409,Person,0.1599999964237213,605,111
1348,2023-04-09T22:39:45.990000,410,Person,0.17000000178813934,605,110
1349,2023-04-09T22:39:46.330000,410,Person,0.17000000178813934,605,110
1350,2023-04-09T22:39:46.660000,410,Person,0.17000000178813934,605,110
1351,2023-04-09T22:39:49.660000,411,Person,0.1599999964237213,605,112
1352,2023-04-09T22:39:49.990000,411,Person,0.1599999964237213,605,112
1353,2023-04-09T22:39:50.330000,411,Person,0.1599999964237213,605,112
1354,2023-04-09T22:39:53.330000,412,Person,0.1599999964237213,604,111
1355,2023-04-09T22:39:53.660000,412,Person,0.1599999964237213,604,111
1356,2023-04-09T22:39:53.990000,412,Person,0.1599999964237213,604,111
1357,2023-04-09T22:39:55.331000,413,Person,0.18000000715255737,605,111
1358,2023-04-09T22:39:55.661000,413,Person,0.18000000715255737,605,111
1359,2023-04-09T22:39:55.991000,413,Person,0.18000000715255737,605,111
1360,2023-04-09T22:40:00.991000,414,Person,0.18000000715255737,604,111
1361,2023-04-09T22:40:01.331000,414,Person,0.18000000715255737,604,111
1362,2023-04-09T22:40:01.661000,414,Person,0.18000000715255737,604,111
1363,2023-04-09T22:40:08.661000,415,Person,0.15000000596046448,604,112
1364,2023-04-09T22:40:08.991000,415,Person,0.15000000596046448,604,112
1365,2023-04-09T22:40:09.331000,415,Person,0.15000000596046448,604,112
1366,2023-04-09T22:40:17.661000,416,Person,0.1899999976158142,605,112
1367,2023-04-09T22:40:17.991000,416,Person,0.1899999976158142,605,112
1368,2023-04-09T22:40:18.331000,416,Person,0.1899999976158142,605,112
1369,2023-04-09T22:40:32.660000,417,Person,0.17000000178813934,604,112
1370,2023-04-09T22:40:32.990000,417,Person,0.17000000178813934,604,112
1371,2023-04-09T22:40:33.330000,417,Person,0.17000000178813934,604,112
1372,2023-04-09T22:40:34.330000,418,Person,0.1599999964237213,605,111
1373,2023-04-09T22:40:34.660000,418,Person,0.1599999964237213,605,111
1374,2023-04-09T22:40:34.990000,418,Person,0.1599999964237213,605,111
1375,2023-04-09T22:40:37.331000,419,Person,0.1599999964237213,604,111
1376,2023-04-09T22:40:37.661000,419,Person,0.1599999964237213,604,111
1377,2023-04-09T22:40:37.991000,419,Person,0.1599999964237213,604,111
1378,2023-04-09T22:40:43.990000,420,Person,0.1899999976158142,604,111
1379,2023-04-09T22:40:44.330000,420,Person,0.1899999976158142,604,111
1380,2023-04-09T22:40:44.660000,420,Person,0.1899999976158142,604,111
1381,2023-04-09T22:40:46.990000,421,Person,0.1899999976158142,605,112
1382,2023-04-09T22:40:47.330000,421,Person,0.1899999976158142,605,112
1383,2023-04-09T22:40:47.660000,421,Person,0.1899999976158142,605,112
1384,2023-04-09T22:40:47.990000,421,Person,0.17000000178813934,604,112
1385,2023-04-09T22:40:48.330000,421,Person,0.17000000178813934,604,112
1386,2023-04-09T22:40:48.660000,421,Person,0.17000000178813934,604,112
1387,2023-04-09T22:40:48.990000,421,Person,0.1599999964237213,605,112
1388,2023-04-09T22:40:49.330000,421,Person,0.1599999964237213,605,112
1389,2023-04-09T22:40:49.660000,421,Person,0.1599999964237213,605,112
1390,2023-04-09T22:40:49.990000,421,Person,0.1599999964237213,604,111
1391,2023-04-09T22:40:50.330000,421,Person,0.17000000178813934,604,111
1392,2023-04-09T22:40:50.660000,421,Person,0.17000000178813934,604,111
1393,2023-04-09T22:40:50.990000,421,Person,0.17000000178813934,604,111
1394,2023-04-09T22:41:23.331000,422,Person,0.15000000596046448,605,111
1395,2023-04-09T22:41:23.661000,422,Person,0.15000000596046448,605,111
1396,2023-04-09T22:41:23.991000,422,Person,0.15000000596046448,605,111
1397,2023-04-09T22:42:30.339000,423,Person,0.1599999964237213,604,111
1398,2023-04-09T22:42:30.669000,423,Person,0.1599999964237213,604,111
1399,2023-04-09T22:42:30.999000,423,Person,0.1599999964237213,604,111
1400,2023-04-09T22:42:38.000000,424,Person,0.1899999976158142,604,111
1401,2023-04-09T22:42:38.340000,424,Person,0.1899999976158142,604,111
1402,2023-04-09T22:42:38.670000,424,Person,0.1899999976158142,604,111
1403,2023-04-09T22:42:46.670000,425,Person,0.15000000596046448,604,111
1404,2023-04-09T22:42:47.000000,425,Person,0.15000000596046448,604,111
1405,2023-04-09T22:42:47.340000,425,Person,0.15000000596046448,604,111
1406,2023-04-09T22:42:57.340000,426,Person,0.1599999964237213,604,112
1407,2023-04-09T22:42:57.670000,426,Person,0.1599999964237213,604,112
1408,2023-04-09T22:42:58.000000,426,Person,0.1599999964237213,604,112
